student_id,test_1,test_2,test_3,test_4,main_exam,status
STU0001,4.7,2.5,2.4,3.7,0.6,R
STU0002,7.4,8.0,7.6,5.9,9.2,A
STU0003,6.7,7.2,6.6,5.7,6.1,R
STU0004,5.7,6.9,5.5,6.3,8.4,A
STU0005,8.3,8.3,8.4,8.6,8.1,A
STU0006,7.9,8.0,7.4,7.7,7.9,A
STU0007,6.1,5.7,7.2,5.9,6.2,A
STU0008,3.2,3.6,4.4,3.3,4.7,R
STU0009,9.4,9.6,8.7,8.9,9.9,A
STU0010,6.8,5.8,4.9,6.5,5.3,R
STU0011,8.7,8.5,8.1,8.1,8.1,A
STU0012,8.2,8.3,7.7,7.8,7.9,A
STU0013,9.5,8.7,8.8,9.5,10.0,A
STU0014,8.4,5.3,9.0,8.1,8.1,A
STU0015,7.2,8.1,7.7,5.6,9.4,A
STU0016,9.0,9.9,8.7,9.1,8.2,A
STU0017,5.9,9.3,8.9,8.1,8.1,A
STU0018,8.6,9.5,8.9,8.7,9.2,A
STU0019,5.2,5.0,6.1,4.1,5.2,R
STU0020,4.5,3.6,3.9,3.4,0.3,R
STU0021,7.6,5.0,8.2,8.2,8.3,A
STU0022,3.3,4.6,4.8,5.2,3.8,R
STU0023,4.1,2.9,0.0,2.9,2.1,R
STU0024,6.1,6.6,6.5,6.5,7.5,A
STU0025,1.3,0.7,0.1,1.1,2.3,R
STU0026,9.1,8.3,9.5,9.5,8.7,A
STU0027,9.8,9.2,9.8,10.0,9.4,A
STU0028,6.6,6.4,6.8,6.8,7.6,A
STU0029,4.8,8.1,7.6,8.0,8.4,A
STU0030,8.8,8.6,8.8,9.3,8.5,A
STU0031,8.1,5.5,8.8,8.1,9.7,A
STU0032,6.6,6.4,6.0,7.0,5.6,A
STU0033,8.6,5.6,8.2,6.8,7.7,A
STU0034,6.3,7.4,6.6,6.8,6.0,A
STU0035,6.6,6.3,6.9,7.4,7.0,A
STU0036,7.9,9.1,8.7,6.0,7.9,A
STU0037,5.4,5.5,4.6,5.7,5.4,R
STU0038,7.8,8.0,8.0,7.9,7.7,A
STU0039,6.1,6.9,7.0,5.8,6.8,A
STU0040,10.0,8.8,8.7,8.4,9.7,A
STU0041,9.6,9.9,9.1,9.5,8.6,A
STU0042,1.1,1.2,2.8,2.2,1.4,R
STU0043,9.7,9.3,9.9,8.9,7.6,A
STU0044,9.0,5.4,8.5,8.9,9.4,A
STU0045,5.9,4.3,5.8,4.4,4.6,R
STU0046,4.8,8.0,9.3,9.3,8.2,A
STU0047,8.9,5.0,9.3,8.0,9.2,A
STU0048,6.4,6.8,6.4,6.2,5.8,A
STU0049,8.9,9.1,9.1,8.7,8.1,A
STU0050,5.2,5.3,4.9,5.0,5.9,R
STU0051,5.0,5.0,4.0,4.6,5.4,R
STU0052,8.2,9.1,9.7,7.7,8.1,A
STU0053,7.2,5.7,6.8,6.3,6.8,R
STU0054,9.4,7.7,8.8,9.5,10.0,A
STU0055,7.3,5.7,7.0,5.7,7.3,A
STU0056,3.8,4.2,3.5,3.8,5.0,R
STU0057,8.2,8.3,8.1,8.4,8.1,A
STU0058,4.5,4.6,4.6,4.4,4.6,R
STU0059,8.9,10.0,9.7,9.9,9.2,A
STU0060,8.6,9.9,9.1,4.7,7.9,A
STU0061,6.2,7.1,4.7,5.7,6.4,R
STU0062,7.9,5.4,8.0,8.3,9.1,A
STU0063,5.5,5.3,4.4,5.2,5.4,R
STU0064,6.5,7.4,7.6,6.5,6.8,A
STU0065,3.5,2.2,2.3,0.2,1.9,R
STU0066,3.3,4.6,4.5,4.7,0.4,R
STU0067,6.8,5.6,6.8,6.7,6.8,A
STU0068,5.3,5.2,5.9,5.7,5.0,R
STU0069,8.6,8.4,9.2,8.6,9.8,A
STU0070,6.7,6.8,6.5,6.3,5.8,R
STU0071,6.1,6.9,5.0,5.9,6.9,R
STU0072,8.9,9.1,8.7,4.8,8.5,A
STU0073,5.1,5.9,5.4,5.6,6.0,R
STU0074,6.8,7.1,6.0,7.3,6.3,A
STU0075,6.0,9.2,8.0,8.8,9.3,A
STU0076,8.1,8.0,8.3,5.1,8.4,A
STU0077,5.6,4.9,4.9,6.0,5.1,R
STU0078,6.3,7.6,8.4,8.2,9.3,A
STU0079,9.2,9.5,8.7,5.3,7.4,A
STU0080,1.0,3.0,3.2,5.0,3.7,R
STU0081,9.9,9.7,9.0,8.4,7.8,A
STU0082,6.3,6.4,6.8,6.8,7.9,A
STU0083,5.6,7.0,5.8,6.2,7.3,R
STU0084,4.9,4.7,6.3,4.6,5.1,R
STU0085,3.6,4.9,3.9,3.9,4.5,R
STU0086,5.1,5.4,6.1,5.0,6.0,R
STU0087,1.3,0.9,5.2,4.9,3.5,R
STU0088,7.5,8.3,7.6,5.4,8.5,A
STU0089,8.3,8.5,9.2,9.2,8.7,A
STU0090,5.6,3.8,4.6,5.5,4.5,R
STU0091,4.8,5.3,6.1,4.9,4.6,R
STU0092,3.2,4.1,4.6,3.9,4.2,R
STU0093,8.2,9.8,8.7,8.2,9.1,A
STU0094,9.3,8.5,9.4,9.7,8.1,A
STU0095,4.4,3.8,3.1,3.0,0.1,R
STU0096,3.1,4.0,4.7,2.9,0.1,R
STU0097,7.6,7.0,8.3,7.7,7.3,A
STU0098,8.1,8.0,8.1,7.4,8.4,A
STU0099,4.3,5.8,4.8,4.9,5.2,R
STU0100,0.9,1.2,0.6,1.9,2.8,R
STU0101,6.3,7.2,6.9,6.5,7.0,A
STU0102,5.9,6.8,5.7,6.9,5.9,A
STU0103,8.6,9.0,9.1,4.2,8.0,A
STU0104,5.5,5.4,6.3,6.3,5.2,R
STU0105,8.5,9.0,8.3,8.0,9.9,A
STU0106,6.5,5.8,6.7,6.5,7.6,A
STU0107,8.9,5.5,9.2,6.8,8.2,A
STU0108,9.1,9.2,10.0,10.0,8.4,A
STU0109,9.1,5.9,8.9,7.4,7.5,A
STU0110,7.9,5.3,7.9,8.0,9.1,A
STU0111,5.3,7.8,8.8,8.2,7.9,A
STU0112,6.7,5.9,5.4,6.7,5.6,R
STU0113,7.0,7.3,7.7,6.4,6.7,A
STU0114,1.3,1.3,2.6,4.9,2.6,R
STU0115,6.4,8.4,8.3,6.6,8.9,A
STU0116,9.5,8.8,8.6,6.9,8.2,A
STU0117,9.3,9.6,9.1,9.5,9.5,A
STU0118,6.1,5.6,6.5,5.7,6.7,A
STU0119,8.6,8.8,9.0,5.0,8.7,A
STU0120,5.9,4.4,5.6,6.0,5.1,R
STU0121,2.8,0.3,3.6,4.6,3.6,R
STU0122,6.8,7.4,7.2,6.9,6.1,A
STU0123,9.2,9.4,9.6,9.5,10.0,A
STU0124,8.4,7.4,7.6,5.5,8.7,A
STU0125,8.1,8.7,8.1,5.6,8.2,A
STU0126,6.3,6.2,5.8,5.2,5.6,R
STU0127,8.0,8.4,8.0,5.1,9.1,A
STU0128,7.5,6.7,7.2,6.4,6.1,A
STU0129,9.1,8.9,9.4,9.7,9.3,A
STU0130,7.9,7.5,7.8,5.6,9.1,A
STU0131,2.1,3.6,3.9,3.3,1.5,R
STU0132,3.8,3.0,4.0,3.9,1.8,R
STU0133,5.9,8.1,9.3,8.8,9.4,A
STU0134,9.0,5.4,8.3,8.0,7.6,A
STU0135,7.1,8.9,8.9,8.8,10.0,A
STU0136,7.6,8.1,7.7,8.4,8.0,A
STU0137,3.3,3.4,2.8,2.2,1.2,R
STU0138,3.3,2.3,3.8,3.9,0.3,R
STU0139,3.1,4.7,4.6,4.0,4.5,R
STU0140,5.7,5.8,4.3,5.0,3.6,R
STU0141,6.0,6.2,5.4,6.3,6.0,R
STU0142,9.2,9.0,8.2,5.5,9.1,A
STU0143,4.3,4.2,3.9,4.8,3.6,R
STU0144,6.2,6.9,7.0,7.3,6.2,A
STU0145,4.7,5.5,5.9,4.4,5.1,R
STU0146,9.0,5.0,9.3,7.1,9.0,A
STU0147,8.0,6.0,7.8,8.6,8.0,A
STU0148,8.3,8.0,7.9,7.9,7.9,A
STU0149,7.7,8.2,8.0,9.0,8.9,A
STU0150,9.8,10.0,8.3,7.9,9.0,A
STU0151,4.6,4.0,5.4,3.4,4.7,R
STU0152,6.2,7.1,6.3,6.9,6.0,A
STU0153,8.6,5.4,8.9,7.6,8.8,A
STU0154,8.6,10.0,9.5,9.6,9.5,A
STU0155,7.5,9.6,9.5,4.5,7.9,A
STU0156,8.0,9.4,8.3,8.4,9.6,A
STU0157,9.1,5.2,9.6,8.6,8.3,A
STU0158,2.9,5.1,5.4,4.5,5.1,R
STU0159,8.4,5.9,7.9,8.8,9.4,A
STU0160,5.1,6.4,6.1,6.3,5.0,R
STU0161,8.0,6.5,8.0,7.0,8.6,A
STU0162,6.4,8.5,8.6,7.5,9.2,A
STU0163,9.4,9.6,8.0,9.2,9.4,A
STU0164,9.0,9.4,9.6,9.5,9.3,A
STU0165,1.4,0.9,0.3,0.0,2.0,R
STU0166,6.4,6.1,6.8,5.7,5.2,R
STU0167,2.3,4.0,4.7,3.1,3.6,R
STU0168,8.0,7.3,8.1,8.3,7.5,A
STU0169,8.7,9.5,9.0,8.1,9.7,A
STU0170,0.9,2.0,3.9,3.1,2.6,R
STU0171,9.2,9.7,9.3,9.4,8.8,A
STU0172,9.4,5.4,8.6,7.1,8.9,A
STU0173,2.4,0.6,2.9,0.4,1.7,R
STU0174,4.7,3.0,4.6,2.6,2.5,R
STU0175,7.9,8.3,8.8,5.3,8.1,A
STU0176,5.7,7.0,5.7,5.8,5.7,R
STU0177,5.5,8.1,9.5,8.7,8.0,A
STU0178,6.3,5.6,6.6,6.6,5.7,R
STU0179,7.0,6.6,6.5,5.7,6.5,A
STU0180,5.3,5.5,3.6,3.0,3.5,R
STU0181,8.4,8.3,7.8,8.8,8.3,A
STU0182,5.0,8.3,8.3,8.2,8.3,A
STU0183,1.5,1.1,2.6,3.5,4.7,R
STU0184,9.0,8.9,10.0,9.3,9.4,A
STU0185,4.9,7.7,8.9,7.0,7.8,A
STU0186,6.0,9.0,8.2,8.5,8.5,A
STU0187,1.9,4.0,0.5,3.3,2.6,R
STU0188,4.6,4.1,4.1,4.0,4.1,R
STU0189,9.0,9.8,9.4,9.8,9.9,A
STU0190,7.8,8.0,8.3,7.6,7.5,A
STU0191,9.1,4.6,8.4,7.9,7.7,A
STU0192,9.5,7.9,8.5,8.2,8.3,A
STU0193,5.3,5.2,6.0,6.7,6.5,R
STU0194,9.1,8.7,8.9,9.8,8.2,A
STU0195,8.8,9.2,8.2,7.9,8.8,A
STU0196,7.7,9.3,8.7,5.6,8.3,A
STU0197,9.7,9.2,9.0,10.0,8.9,A
STU0198,7.2,6.9,6.4,6.8,6.6,A
STU0199,9.8,4.5,7.1,8.7,8.9,A
STU0200,5.0,5.6,4.5,5.4,4.7,R
STU0201,3.4,2.9,2.7,4.5,1.3,R
STU0202,7.6,5.3,8.8,8.8,8.2,A
STU0203,9.2,8.7,8.1,9.8,8.5,A
STU0204,5.0,7.8,9.0,6.6,8.1,A
STU0205,8.8,9.0,8.0,5.6,8.7,A
STU0206,8.9,8.3,8.2,8.5,8.1,A
STU0207,5.5,6.7,6.7,6.8,6.0,R
STU0208,5.5,6.1,6.5,6.4,6.1,R
STU0209,7.5,6.9,5.6,5.7,7.8,A
STU0210,9.0,9.7,9.9,9.5,9.3,A
STU0211,1.2,1.7,3.1,4.4,5.3,R
STU0212,9.9,8.7,7.9,9.0,9.8,A
STU0213,8.6,9.7,8.6,10.0,9.6,A
STU0214,9.3,9.8,9.0,9.3,8.9,A
STU0215,4.4,9.9,9.3,7.1,8.3,A
STU0216,3.6,0.9,3.1,2.7,4.3,R
STU0217,9.4,8.8,9.6,9.6,9.0,A
STU0218,8.0,7.6,9.0,6.4,8.4,A
STU0219,7.8,9.3,8.4,4.9,8.7,A
STU0220,9.0,8.3,7.9,7.4,7.8,A
STU0221,7.4,7.8,7.0,7.1,6.2,A
STU0222,8.9,9.3,8.1,8.6,10.0,A
STU0223,8.1,5.5,9.4,8.6,8.1,A
STU0224,9.8,10.0,9.3,9.6,9.4,A
STU0225,2.2,0.0,2.9,3.7,3.3,R
STU0226,1.4,2.3,0.9,1.8,1.0,R
STU0227,7.5,8.9,8.4,6.3,7.3,A
STU0228,9.6,9.0,10.0,9.4,8.3,A
STU0229,5.2,4.3,3.6,5.3,3.3,R
STU0230,8.3,8.4,8.2,6.6,8.9,A
STU0231,1.9,2.1,0.1,1.4,1.7,R
STU0232,9.5,9.0,7.7,7.6,8.7,A
STU0233,3.8,4.1,3.3,3.2,5.0,R
STU0234,7.5,6.3,6.4,6.4,5.1,R
STU0235,1.4,2.1,4.6,3.1,4.3,R
STU0236,8.7,7.6,8.0,5.0,9.2,A
STU0237,6.1,6.4,7.0,6.0,7.3,A
STU0238,6.1,6.9,7.6,6.5,6.5,A
STU0239,6.9,6.4,6.1,5.8,6.6,R
STU0240,7.7,6.7,8.3,8.7,8.3,A
STU0241,5.8,8.8,8.1,8.6,7.8,A
STU0242,5.3,5.6,5.8,6.1,4.5,R
STU0243,8.3,6.9,7.9,7.3,7.5,A
STU0244,7.2,7.2,7.3,7.5,6.6,A
STU0245,5.5,6.7,5.3,6.0,5.5,R
STU0246,8.5,9.5,10.0,8.5,9.0,A
STU0247,4.3,8.8,8.0,9.5,8.7,A
STU0248,1.7,1.1,1.2,2.9,2.2,R
STU0249,5.1,7.9,8.1,8.3,9.2,A
STU0250,6.6,6.3,5.7,5.6,6.5,R
STU0251,5.6,6.8,7.9,6.6,6.7,A
STU0252,7.9,7.3,8.7,6.4,8.2,A
STU0253,9.4,9.3,9.3,9.2,9.3,A
STU0254,7.8,8.4,7.7,5.3,9.4,A
STU0255,6.0,6.3,5.8,5.2,7.1,R
STU0256,7.7,5.9,7.4,7.1,7.2,A
STU0257,9.1,4.4,9.6,9.0,8.8,A
STU0258,7.9,5.8,8.7,8.4,7.6,A
STU0259,2.5,5.0,2.8,4.3,2.6,R
STU0260,8.1,7.5,7.5,8.0,7.8,A
STU0261,9.4,8.4,8.6,9.7,9.8,A
STU0262,2.6,2.5,0.7,1.1,0.5,R
STU0263,9.5,9.3,9.4,9.8,8.7,A
STU0264,5.2,4.8,6.4,5.1,6.1,R
STU0265,7.0,6.9,6.3,7.8,6.2,A
STU0266,5.1,4.3,4.6,6.0,5.7,R
STU0267,9.1,7.9,7.4,4.9,8.1,A
STU0268,9.7,8.6,8.3,9.3,8.8,A
STU0269,7.5,9.3,10.0,9.5,8.1,A
STU0270,6.3,6.9,7.1,6.7,7.8,A
STU0271,5.1,5.7,5.4,6.1,6.2,R
STU0272,1.9,3.0,1.6,1.0,0.0,R
STU0273,8.6,7.7,7.5,5.7,9.0,A
STU0274,5.4,4.7,6.2,5.4,5.0,R
STU0275,2.2,4.3,2.1,0.1,0.4,R
STU0276,2.4,3.9,0.8,0.4,1.8,R
STU0277,8.1,4.5,8.8,8.5,8.8,A
STU0278,7.8,8.4,9.1,5.9,8.6,A
STU0279,6.3,7.0,6.6,6.1,6.4,R
STU0280,9.3,8.5,9.3,9.7,7.9,A
STU0281,2.9,0.6,1.5,1.3,3.0,R
STU0282,5.7,6.5,6.8,6.0,5.6,R
STU0283,8.8,4.9,9.3,8.8,8.0,A
STU0284,5.0,5.8,6.4,4.9,6.1,R
STU0285,5.5,6.1,5.8,5.0,6.1,R
STU0286,8.6,8.9,9.1,8.2,9.0,A
STU0287,8.4,9.0,8.3,8.2,9.9,A
STU0288,4.4,3.1,4.8,3.0,4.9,R
STU0289,8.4,8.8,7.8,10.0,8.1,A
STU0290,9.1,9.9,9.1,9.1,8.3,A
STU0291,8.1,8.1,8.6,7.7,8.2,A
STU0292,4.9,6.0,5.1,5.6,4.8,R
STU0293,5.3,6.0,6.3,5.6,5.5,R
STU0294,5.4,5.3,4.1,4.8,4.5,R
STU0295,8.5,5.1,8.6,9.5,9.5,A
STU0296,9.3,9.4,8.5,5.8,8.3,A
STU0297,7.8,9.5,9.5,9.0,9.3,A
STU0298,3.6,3.3,3.9,5.7,4.4,R
STU0299,3.5,3.8,3.6,2.1,0.8,R
STU0300,9.4,7.3,8.4,5.3,8.8,A
STU0301,8.6,5.1,9.5,8.3,8.1,A
STU0302,9.2,8.4,9.5,8.9,9.1,A
STU0303,0.4,0.8,1.9,3.3,1.5,R
STU0304,6.2,7.1,7.5,6.2,5.7,R
STU0305,5.4,7.5,8.7,9.3,9.0,A
STU0306,0.6,2.8,2.3,0.2,0.3,R
STU0307,9.6,9.6,10.0,9.9,9.9,A
STU0308,6.3,4.9,6.9,6.9,4.8,R
STU0309,7.7,5.8,7.3,7.2,5.9,A
STU0310,8.8,10.0,9.3,9.2,9.3,A
STU0311,7.5,6.3,6.1,7.4,6.5,A
STU0312,5.4,5.3,4.1,5.9,5.4,R
STU0313,7.4,8.1,8.1,8.5,7.8,A
STU0314,7.3,6.7,6.7,7.2,6.0,A
STU0315,6.1,6.9,6.4,5.6,7.3,A
STU0316,8.1,5.8,7.8,8.9,9.1,A
STU0317,6.2,4.9,5.1,5.6,5.7,R
STU0318,6.4,5.2,6.2,5.1,5.8,R
STU0319,1.3,1.6,3.6,3.0,4.9,R
STU0320,5.4,4.8,5.7,4.8,4.4,R
STU0321,8.8,9.7,10.0,10.0,9.6,A
STU0322,3.3,3.0,3.9,5.2,3.3,R
STU0323,8.4,8.4,9.3,9.0,9.2,A
STU0324,8.4,7.7,9.4,6.3,9.3,A
STU0325,6.5,6.1,7.1,6.4,7.5,A
STU0326,8.0,5.8,8.2,7.1,7.9,A
STU0327,2.6,2.1,1.7,2.9,2.0,R
STU0328,8.6,5.7,7.8,6.7,7.8,A
STU0329,6.3,4.5,4.6,6.4,5.3,R
STU0330,6.5,9.2,8.0,8.6,8.9,A
STU0331,8.7,8.5,8.4,6.1,7.9,A
STU0332,9.0,4.8,7.5,7.9,8.3,A
STU0333,5.6,5.9,5.3,5.8,4.5,R
STU0334,9.1,4.7,9.6,8.1,7.6,A
STU0335,9.7,8.7,9.6,5.5,8.9,A
STU0336,3.5,4.4,3.6,4.2,3.7,R
STU0337,8.4,8.7,8.5,4.5,8.8,A
STU0338,9.9,10.0,8.7,8.9,9.1,A
STU0339,9.1,9.8,9.3,9.3,9.4,A
STU0340,3.0,0.9,3.2,4.6,3.1,R
STU0341,6.3,6.4,5.9,5.1,6.8,R
STU0342,9.5,8.1,8.2,6.4,7.7,A
STU0343,4.6,2.5,3.9,4.4,1.6,R
STU0344,6.2,8.5,8.1,7.5,9.0,A
STU0345,9.2,6.3,8.2,7.7,7.4,A
STU0346,5.8,5.3,5.9,4.9,5.0,R
STU0347,8.1,8.4,9.0,5.1,8.5,A
STU0348,0.7,3.0,2.7,1.0,1.6,R
STU0349,5.8,4.7,5.5,4.8,4.6,R
STU0350,6.1,6.6,6.7,6.4,6.8,A
STU0351,9.3,9.0,8.8,8.1,8.3,A
STU0352,8.7,9.8,8.3,6.8,7.9,A
STU0353,6.4,5.9,7.2,6.6,6.0,R
STU0354,4.3,5.8,5.6,4.9,5.8,R
STU0355,8.7,9.9,9.4,9.9,9.8,A
STU0356,7.7,5.2,8.5,7.0,8.3,A
STU0357,0.2,1.7,2.8,2.9,3.7,R
STU0358,3.6,4.4,4.7,4.2,3.1,R
STU0359,6.0,6.4,6.2,5.7,5.3,R
STU0360,10.0,9.3,10.0,9.1,8.8,A
STU0361,9.1,9.0,8.9,6.7,8.7,A
STU0362,9.0,8.4,9.7,6.7,9.5,A
STU0363,5.2,9.5,7.5,8.8,6.9,A
STU0364,8.9,9.7,9.3,9.9,10.0,A
STU0365,8.0,6.2,8.4,6.5,8.6,A
STU0366,10.0,9.1,7.7,5.0,8.5,A
STU0367,4.4,4.5,4.2,4.6,4.6,R
STU0368,8.7,7.5,9.0,4.8,8.2,A
STU0369,10.0,9.4,10.0,9.4,10.0,A
STU0370,9.6,8.9,8.4,9.5,8.8,A
STU0371,5.7,4.6,4.7,5.5,4.6,R
STU0372,2.2,2.4,3.9,2.0,4.7,R
STU0373,8.8,8.4,9.1,9.0,10.0,A
STU0374,4.2,4.1,4.6,4.8,3.7,R
STU0375,5.1,6.1,4.6,5.0,5.6,R
STU0376,5.6,4.9,4.4,4.5,4.0,R
STU0377,8.8,8.2,9.1,5.3,8.8,A
STU0378,2.0,1.7,3.7,2.8,3.1,R
STU0379,0.0,0.0,1.4,1.7,2.6,R
STU0380,5.9,5.2,5.3,6.8,6.9,R
STU0381,6.4,6.0,6.4,6.3,6.2,R
STU0382,6.8,6.8,6.8,7.5,6.3,A
STU0383,7.9,8.4,7.6,6.3,8.0,A
STU0384,4.8,3.4,3.0,2.9,2.8,R
STU0385,6.0,6.4,5.3,5.7,6.7,R
STU0386,5.4,8.9,7.7,7.4,7.9,A
STU0387,8.5,5.4,8.3,6.9,9.7,A
STU0388,6.7,5.1,5.3,6.1,7.0,R
STU0389,8.5,6.0,8.0,9.1,8.1,A
STU0390,4.6,5.3,5.1,5.8,5.9,R
STU0391,1.5,1.0,3.1,2.6,4.1,R
STU0392,4.6,5.0,5.0,3.8,3.5,R
STU0393,9.7,8.9,8.0,5.3,8.4,A
STU0394,4.4,8.0,7.4,7.9,7.1,A
STU0395,9.1,5.3,8.1,8.0,8.4,A
STU0396,7.3,7.3,6.5,6.7,7.5,A
STU0397,8.1,7.6,7.4,7.7,7.5,A
STU0398,5.2,5.1,3.2,4.6,5.0,R
STU0399,8.4,9.0,8.2,9.3,9.5,A
STU0400,8.8,5.0,8.2,8.7,7.3,A
STU0401,7.6,7.3,6.9,7.6,6.4,A
STU0402,9.1,8.9,8.4,8.7,8.9,A
STU0403,6.3,9.2,8.4,9.2,7.8,A
STU0404,8.4,5.3,8.0,7.0,7.3,A
STU0405,7.7,7.7,8.6,6.2,8.3,A
STU0406,6.7,7.5,5.5,6.9,6.6,A
STU0407,2.7,3.5,1.9,1.5,2.5,R
STU0408,7.3,8.8,8.5,6.0,7.8,A
STU0409,7.5,7.4,6.8,6.4,6.9,A
STU0410,7.9,7.5,8.1,8.0,8.6,A
STU0411,8.0,4.8,7.9,7.8,9.2,A
STU0412,5.4,9.5,8.1,8.1,8.3,A
STU0413,2.3,1.7,3.8,3.0,3.4,R
STU0414,6.4,5.7,7.4,6.5,7.3,A
STU0415,8.3,9.2,8.7,8.9,10.0,A
STU0416,6.4,5.3,6.1,6.6,5.1,R
STU0417,10.0,8.6,9.7,8.4,9.2,A
STU0418,8.7,9.0,9.6,9.5,9.3,A
STU0419,9.0,8.8,8.3,9.0,9.1,A
STU0420,0.7,1.2,4.1,4.9,3.3,R
STU0421,8.6,5.8,7.8,7.6,8.6,A
STU0422,8.4,7.9,8.3,6.4,8.0,A
STU0423,6.6,5.5,5.4,5.5,6.5,R
STU0424,7.4,6.7,7.2,7.6,8.4,A
STU0425,6.2,6.2,6.4,5.2,5.4,R
STU0426,0.4,1.8,5.1,3.9,2.7,R
STU0427,5.9,5.9,6.4,6.5,5.8,R
STU0428,9.1,9.7,9.7,9.8,10.0,A
STU0429,6.0,6.5,7.4,6.1,7.5,A
STU0430,6.9,6.7,6.5,6.4,6.8,R
STU0431,9.4,8.0,8.6,6.3,9.4,A
STU0432,5.9,4.5,4.8,5.2,4.6,R
STU0433,8.3,8.1,7.8,7.5,8.9,A
STU0434,9.3,5.8,8.9,8.1,9.3,A
STU0435,0.7,2.6,0.3,1.6,2.1,R
STU0436,4.3,3.9,1.2,0.1,2.5,R
STU0437,9.2,9.1,9.4,9.8,9.3,A
STU0438,6.2,5.5,6.9,6.8,6.7,A
STU0439,8.5,7.7,8.2,5.1,8.1,A
STU0440,5.2,4.5,5.4,6.2,5.5,R
STU0441,7.9,9.1,8.4,5.7,8.2,A
STU0442,9.8,8.9,7.6,9.1,8.9,A
STU0443,5.6,5.9,5.0,5.0,6.5,R
STU0444,7.7,5.4,9.1,8.5,9.3,A
STU0445,4.7,6.8,6.4,6.3,5.3,R
STU0446,9.4,4.1,8.3,7.9,8.9,A
STU0447,6.3,6.5,7.1,6.8,7.7,A
STU0448,4.8,6.9,6.0,5.7,5.7,R
STU0449,6.5,7.7,8.8,8.7,8.4,A
STU0450,7.7,8.3,8.6,8.3,8.5,A
STU0451,7.9,10.0,9.9,8.8,9.6,A
STU0452,6.0,5.8,6.3,6.5,5.9,R
STU0453,8.7,9.2,9.2,8.2,8.0,A
STU0454,8.0,7.7,7.3,7.0,8.7,A
STU0455,2.8,3.2,3.5,4.3,2.0,R
STU0456,6.5,5.3,4.9,6.6,6.0,R
STU0457,8.4,8.4,8.9,5.1,8.1,A
STU0458,0.7,1.1,3.2,3.1,3.4,R
STU0459,5.4,6.2,4.3,5.2,5.8,R
STU0460,8.5,8.7,8.7,5.7,8.3,A
STU0461,8.5,9.3,8.3,8.1,8.2,A
STU0462,8.1,8.2,7.6,4.8,8.9,A
STU0463,4.3,7.5,9.4,7.5,8.6,A
STU0464,6.9,6.0,7.3,7.4,7.2,A
STU0465,8.5,8.6,8.2,6.3,9.2,A
STU0466,8.2,8.6,9.1,9.5,9.8,A
STU0467,8.9,7.9,9.7,9.8,7.9,A
STU0468,6.9,6.1,6.9,6.1,7.0,A
STU0469,9.1,8.5,8.2,8.4,9.1,A
STU0470,6.1,6.7,6.8,7.4,7.6,A
STU0471,9.3,8.9,7.3,5.6,7.5,A
STU0472,8.1,6.1,9.6,7.6,7.8,A
STU0473,4.9,8.0,7.7,7.9,7.7,A
STU0474,8.5,7.6,8.3,7.7,7.5,A
STU0475,3.2,5.1,4.6,3.6,4.5,R
STU0476,8.6,7.6,8.5,4.2,8.7,A
STU0477,8.2,5.2,7.6,9.2,8.7,A
STU0478,9.3,7.8,7.4,6.5,8.0,A
STU0479,9.3,8.8,9.3,10.0,8.3,A
STU0480,5.9,6.1,6.9,5.8,5.8,R
STU0481,0.7,2.1,4.5,3.2,2.6,R
STU0482,6.2,7.2,6.2,7.1,4.9,R
STU0483,8.6,8.3,8.1,9.0,9.5,A
STU0484,8.8,7.8,8.5,5.8,7.8,A
STU0485,6.3,5.1,5.8,5.7,5.6,R
STU0486,5.9,6.3,5.8,5.2,6.8,R
STU0487,5.9,8.3,8.5,9.4,7.3,A
STU0488,8.7,8.6,9.2,5.2,7.4,A
STU0489,6.8,6.3,6.4,6.4,6.6,A
STU0490,8.1,8.6,8.2,5.5,8.6,A
STU0491,4.8,4.6,4.8,3.5,4.4,R
STU0492,8.1,7.5,7.7,5.0,7.7,A
STU0493,4.4,2.2,3.9,4.4,1.0,R
STU0494,8.5,5.5,8.2,7.7,9.1,A
STU0495,5.4,8.1,8.2,8.2,8.9,A
STU0496,5.4,8.0,8.6,8.7,9.4,A
STU0497,5.7,5.6,5.0,7.1,6.5,R
STU0498,9.2,7.6,9.2,5.3,9.2,A
STU0499,3.6,5.9,5.0,6.3,4.3,R
STU0500,9.3,4.2,8.3,8.2,7.6,A
STU0501,5.1,4.1,3.7,3.4,3.9,R
STU0502,8.1,5.8,8.5,8.3,9.1,A
STU0503,6.8,7.7,6.3,7.3,6.9,A
STU0504,5.7,5.8,4.9,5.6,7.3,R
STU0505,6.2,4.7,5.0,4.5,5.8,R
STU0506,2.3,1.3,2.3,2.6,0.4,R
STU0507,6.6,5.5,6.6,5.6,5.4,R
STU0508,9.8,9.7,8.4,9.6,9.2,A
STU0509,0.7,1.3,2.3,0.8,0.7,R
STU0510,9.5,9.4,9.7,9.5,9.2,A
STU0511,7.9,9.3,8.9,9.6,8.3,A
STU0512,8.4,8.2,8.7,9.0,8.4,A
STU0513,8.5,4.2,8.2,7.7,8.8,A
STU0514,6.1,7.1,5.9,7.2,6.0,R
STU0515,2.2,3.6,2.8,5.0,0.3,R
STU0516,5.2,4.9,5.0,3.5,4.7,R
STU0517,5.2,9.4,7.4,7.4,7.8,A
STU0518,9.4,9.3,9.5,8.7,8.8,A
STU0519,5.4,4.5,6.1,4.4,5.4,R
STU0520,6.6,6.4,6.2,6.0,7.6,A
STU0521,5.3,3.2,4.6,4.9,3.4,R
STU0522,9.2,8.4,9.2,5.6,8.3,A
STU0523,3.9,4.4,3.4,4.4,3.6,R
STU0524,5.2,8.7,7.5,7.5,8.9,A
STU0525,5.3,8.5,8.7,8.3,8.5,A
STU0526,4.6,8.0,7.8,7.5,7.9,A
STU0527,9.2,5.6,8.4,7.1,9.4,A
STU0528,9.1,8.3,7.6,5.3,7.5,A
STU0529,5.2,8.5,8.1,7.6,8.1,A
STU0530,8.1,8.8,8.5,7.8,8.4,A
STU0531,6.0,5.9,6.0,6.3,7.5,A
STU0532,0.8,1.4,2.3,0.5,1.2,R
STU0533,8.3,9.2,8.0,9.6,8.2,A
STU0534,6.5,8.7,8.2,8.7,8.6,A
STU0535,7.5,7.3,6.2,5.8,8.0,A
STU0536,3.9,2.6,1.2,0.9,2.1,R
STU0537,5.1,5.3,5.0,4.2,5.3,R
STU0538,7.8,7.2,6.3,5.7,6.5,A
STU0539,9.3,8.1,8.2,4.5,8.4,A
STU0540,3.2,4.2,1.0,1.5,1.4,R
STU0541,8.7,7.9,8.8,9.0,9.7,A
STU0542,7.9,8.0,7.3,7.5,7.1,A
STU0543,6.6,7.2,6.0,6.6,7.2,A
STU0544,10.0,10.0,9.3,9.7,9.6,A
STU0545,6.4,6.0,6.6,6.1,5.1,R
STU0546,7.6,6.3,6.0,7.9,6.8,A
STU0547,5.4,8.4,9.7,7.5,7.1,A
STU0548,0.1,2.8,4.8,3.4,2.8,R
STU0549,3.8,2.9,3.4,4.4,0.1,R
STU0550,3.1,0.8,3.2,4.0,4.4,R
STU0551,8.9,6.4,8.6,7.6,7.6,A
STU0552,9.5,10.0,8.4,10.0,9.0,A
STU0553,8.9,8.7,9.7,7.5,8.4,A
STU0554,6.4,6.3,6.8,7.3,7.1,A
STU0555,8.3,8.5,9.2,8.5,9.8,A
STU0556,7.6,8.9,7.8,7.7,8.7,A
STU0557,3.2,3.5,3.2,4.6,4.6,R
STU0558,4.7,2.7,3.3,3.6,2.3,R
STU0559,9.1,8.3,8.6,8.2,9.2,A
STU0560,4.5,5.1,5.2,5.0,4.0,R
STU0561,8.4,7.9,9.0,6.1,7.9,A
STU0562,3.0,3.6,1.3,1.6,0.7,R
STU0563,7.3,7.4,6.4,6.5,6.4,A
STU0564,6.2,9.3,9.5,8.4,8.3,A
STU0565,7.8,6.0,8.2,7.7,8.6,A
STU0566,8.5,8.8,10.0,9.6,9.8,A
STU0567,1.1,2.1,2.2,0.3,0.7,R
STU0568,4.8,9.5,7.8,8.5,8.7,A
STU0569,6.5,5.7,7.1,7.6,5.9,A
STU0570,8.1,9.9,8.8,9.5,8.4,A
STU0571,8.5,7.5,8.4,7.3,8.1,A
STU0572,8.3,8.4,7.4,8.2,7.8,A
STU0573,4.7,6.0,5.5,7.5,5.6,R
STU0574,6.5,5.9,5.8,5.6,5.2,R
STU0575,8.9,7.0,8.6,6.3,7.9,A
STU0576,6.7,6.8,6.7,7.2,6.6,A
STU0577,7.8,5.3,8.2,7.0,9.1,A
STU0578,7.2,8.5,7.8,8.6,7.9,A
STU0579,3.9,2.5,3.5,4.1,0.6,R
STU0580,2.5,2.6,2.9,2.5,2.8,R
STU0581,6.8,6.6,6.6,6.4,6.0,R
STU0582,2.9,4.1,4.7,3.5,2.1,R
STU0583,6.2,5.6,5.6,5.4,6.8,R
STU0584,8.7,7.1,9.0,4.3,8.3,A
STU0585,6.0,6.6,5.7,6.1,7.5,A
STU0586,9.1,8.7,7.3,5.4,8.0,A
STU0587,5.7,5.3,5.4,5.6,7.2,R
STU0588,6.1,5.2,5.9,4.8,6.0,R
STU0589,7.5,8.4,7.3,4.8,8.3,A
STU0590,9.3,8.6,9.2,8.5,8.9,A
STU0591,3.7,3.6,2.3,3.6,0.0,R
STU0592,5.8,8.1,7.9,8.4,9.2,A
STU0593,0.8,0.9,2.7,0.3,1.4,R
STU0594,6.3,5.4,5.4,5.5,4.9,R
STU0595,2.8,2.8,2.1,3.9,3.1,R
STU0596,7.9,8.1,8.7,7.9,8.6,A
STU0597,5.9,5.4,4.4,4.5,4.9,R
STU0598,1.1,1.4,2.1,2.3,0.4,R
STU0599,6.7,7.1,7.5,6.7,6.9,A
STU0600,7.0,6.0,7.6,5.9,7.0,A
STU0601,5.3,8.1,8.7,7.4,8.7,A
STU0602,9.5,5.8,8.9,7.6,9.2,A
STU0603,7.8,6.6,8.4,6.9,6.9,A
STU0604,9.0,8.3,8.4,8.1,7.6,A
STU0605,5.6,6.2,5.5,6.5,6.3,R
STU0606,6.3,6.4,5.9,6.8,5.4,R
STU0607,9.4,9.4,8.9,10.0,10.0,A
STU0608,5.6,5.3,6.2,5.7,6.0,R
STU0609,8.9,9.4,9.7,9.4,10.0,A
STU0610,5.5,5.6,4.1,5.2,5.7,R
STU0611,6.0,7.8,5.9,6.3,6.4,A
STU0612,8.8,6.0,9.5,8.2,8.9,A
STU0613,5.5,6.1,6.9,6.4,7.3,A
STU0614,5.9,6.6,6.8,5.4,5.9,R
STU0615,5.6,5.8,5.8,5.9,5.4,R
STU0616,5.3,4.0,5.5,4.9,4.4,R
STU0617,7.1,6.2,6.7,6.1,6.3,A
STU0618,8.0,6.9,7.6,7.3,7.5,A
STU0619,5.3,8.6,9.7,7.9,9.5,A
STU0620,8.2,7.1,5.8,6.0,7.6,A
STU0621,4.5,3.5,4.0,4.9,4.2,R
STU0622,7.7,7.9,8.3,7.9,7.9,A
STU0623,5.3,9.1,9.1,8.3,8.6,A
STU0624,8.6,7.0,7.9,8.2,9.1,A
STU0625,2.4,2.5,2.0,2.2,1.0,R
STU0626,5.5,4.8,6.1,4.7,4.1,R
STU0627,5.4,6.7,5.6,5.8,5.5,R
STU0628,6.6,7.2,5.4,7.3,6.7,A
STU0629,8.7,9.2,8.7,5.0,8.1,A
STU0630,6.6,5.8,5.8,5.6,5.8,R
STU0631,8.6,9.0,9.4,8.3,8.6,A
STU0632,2.7,2.2,2.8,2.2,2.1,R
STU0633,9.2,8.9,8.6,4.7,9.1,A
STU0634,9.0,9.1,9.6,9.4,8.7,A
STU0635,9.9,9.1,8.7,8.4,9.0,A
STU0636,8.1,4.7,9.5,8.8,7.7,A
STU0637,2.4,3.1,2.7,3.0,2.6,R
STU0638,0.1,2.4,2.9,4.4,3.6,R
STU0639,9.2,8.9,9.3,8.1,9.0,A
STU0640,6.0,6.1,6.9,6.6,6.1,R
STU0641,5.5,4.8,6.4,4.4,4.8,R
STU0642,9.4,9.2,10.0,9.0,9.4,A
STU0643,8.5,6.5,8.5,7.9,7.9,A
STU0644,3.2,3.0,2.8,1.6,2.6,R
STU0645,2.1,3.4,3.1,3.7,0.6,R
STU0646,1.9,3.0,4.0,3.8,5.0,R
STU0647,9.7,8.3,8.4,6.0,8.2,A
STU0648,8.6,6.5,9.8,8.6,9.3,A
STU0649,10.0,9.8,9.1,9.1,9.0,A
STU0650,10.0,10.0,10.0,9.7,9.3,A
STU0651,4.2,6.0,5.5,5.4,6.3,R
STU0652,8.5,7.9,8.6,7.7,8.1,A
STU0653,9.3,9.7,9.1,9.5,9.2,A
STU0654,10.0,9.4,9.6,9.0,9.7,A
STU0655,5.3,4.1,5.0,6.0,6.0,R
STU0656,10.0,8.3,9.1,8.1,7.7,A
STU0657,8.6,7.6,8.1,8.1,7.9,A
STU0658,2.0,2.8,0.3,2.2,0.4,R
STU0659,7.3,6.2,8.5,7.8,7.8,A
STU0660,8.5,6.5,8.6,9.3,8.3,A
STU0661,9.8,8.3,9.0,8.9,9.3,A
STU0662,6.3,5.9,6.6,7.0,7.3,A
STU0663,6.9,6.2,7.6,7.3,6.7,A
STU0664,9.3,9.4,7.4,5.0,8.0,A
STU0665,7.5,6.8,6.1,6.6,6.6,A
STU0666,3.1,3.8,4.2,4.2,4.2,R
STU0667,8.3,8.9,8.9,9.5,9.3,A
STU0668,4.0,3.4,3.4,4.2,3.0,R
STU0669,8.0,8.2,9.1,4.9,8.0,A
STU0670,9.5,8.0,9.3,8.5,9.0,A
STU0671,5.1,8.0,7.3,8.6,8.9,A
STU0672,5.9,5.6,4.5,4.8,6.6,R
STU0673,7.9,6.9,5.9,7.4,6.5,A
STU0674,5.7,5.8,8.1,5.5,7.4,A
STU0675,8.7,8.4,8.8,5.3,7.5,A
STU0676,9.9,8.2,8.6,5.2,9.0,A
STU0677,6.2,6.1,5.8,5.6,5.4,R
STU0678,8.0,8.7,10.0,8.8,8.5,A
STU0679,6.4,6.3,7.7,7.0,7.6,A
STU0680,1.9,3.6,1.0,0.7,1.7,R
STU0681,6.2,5.7,6.6,5.8,6.1,R
STU0682,9.8,9.6,9.5,9.1,9.2,A
STU0683,4.7,8.8,9.4,8.5,7.8,A
STU0684,3.4,3.9,4.0,4.9,5.3,R
STU0685,4.1,4.9,4.4,5.6,4.8,R
STU0686,5.0,6.3,4.7,5.9,5.5,R
STU0687,4.8,4.8,5.1,5.1,6.0,R
STU0688,6.6,5.0,5.2,5.1,5.3,R
STU0689,6.6,6.8,6.2,7.1,6.6,R
STU0690,4.2,4.5,3.9,4.3,5.1,R
STU0691,9.0,7.3,9.5,4.9,8.4,A
STU0692,8.8,8.4,8.3,5.4,8.8,A
STU0693,4.9,7.7,7.6,8.3,7.4,A
STU0694,7.5,6.8,6.3,7.7,7.4,A
STU0695,8.6,7.5,8.1,8.5,8.4,A
STU0696,5.3,5.1,4.9,5.1,5.8,R
STU0697,8.7,8.2,9.4,9.1,9.0,A
STU0698,5.6,6.1,6.3,5.2,5.8,R
STU0699,6.2,8.3,7.8,7.4,8.2,A
STU0700,9.2,9.2,8.7,8.1,9.5,A
STU0701,4.0,2.4,2.4,2.8,2.2,R
STU0702,0.5,1.3,1.0,1.1,2.0,R
STU0703,8.5,9.2,7.9,5.0,9.1,A
STU0704,3.1,2.5,4.6,4.1,2.5,R
STU0705,7.7,8.5,8.3,9.6,9.3,A
STU0706,5.7,5.1,5.2,4.5,4.2,R
STU0707,9.4,4.1,8.7,6.8,9.1,A
STU0708,8.4,6.8,9.5,9.2,8.6,A
STU0709,9.9,8.2,8.8,8.6,9.4,A
STU0710,10.0,7.9,9.4,10.0,9.4,A
STU0711,7.3,7.0,8.0,7.8,7.7,A
STU0712,8.3,8.4,7.9,7.7,8.0,A
STU0713,6.3,7.9,6.5,6.1,7.0,A
STU0714,8.8,9.1,9.8,8.3,9.1,A
STU0715,6.1,9.0,7.7,8.0,7.5,A
STU0716,8.1,6.6,7.2,7.9,7.0,A
STU0717,5.5,4.5,4.9,4.1,6.3,R
STU0718,8.3,9.0,9.5,8.2,8.9,A
STU0719,9.4,9.1,7.8,5.5,7.1,A
STU0720,6.5,6.3,6.7,6.0,7.2,R
STU0721,9.7,9.1,9.5,9.0,9.7,A
STU0722,6.0,5.9,6.0,5.8,5.9,R
STU0723,8.2,7.9,8.5,6.4,8.1,A
STU0724,5.8,5.2,5.4,4.9,6.0,R
STU0725,5.8,6.5,5.5,5.4,5.2,R
STU0726,8.7,4.5,8.5,7.9,8.2,A
STU0727,9.7,9.1,8.8,9.8,8.7,A
STU0728,6.8,5.6,7.5,7.1,8.3,A
STU0729,3.9,8.8,8.3,8.2,9.2,A
STU0730,5.0,7.7,7.6,7.0,6.7,A
STU0731,9.9,10.0,8.2,9.7,8.5,A
STU0732,5.1,7.5,8.6,8.0,9.2,A
STU0733,9.2,7.3,8.1,5.8,9.2,A
STU0734,7.3,5.6,9.4,8.1,9.2,A
STU0735,9.7,9.6,9.4,8.8,9.1,A
STU0736,5.5,7.9,8.4,8.2,9.4,A
STU0737,5.3,4.1,5.0,4.9,5.8,R
STU0738,9.3,9.4,9.6,8.9,9.4,A
STU0739,9.2,8.6,8.5,6.5,9.3,A
STU0740,8.1,6.5,7.9,9.2,8.2,A
STU0741,8.3,9.4,8.9,8.1,10.0,A
STU0742,5.6,6.4,6.7,6.2,5.8,R
STU0743,8.1,7.7,8.0,5.3,8.4,A
STU0744,8.5,8.2,7.6,8.5,9.8,A
STU0745,9.1,10.0,8.3,8.8,8.9,A
STU0746,8.1,7.9,7.9,5.2,7.6,A
STU0747,9.0,8.9,8.7,8.4,9.3,A
STU0748,5.1,7.8,8.8,7.2,9.7,A
STU0749,7.2,7.6,8.5,8.4,7.2,A
STU0750,8.1,8.3,8.8,7.7,8.1,A
STU0751,6.0,6.6,6.9,6.5,5.8,R
STU0752,8.7,8.3,8.0,7.5,8.4,A
STU0753,5.5,5.0,4.6,5.9,5.1,R
STU0754,7.8,6.8,7.4,7.5,9.3,A
STU0755,2.7,1.4,3.6,3.0,4.5,R
STU0756,9.8,9.7,9.1,10.0,9.6,A
STU0757,6.3,6.0,6.1,6.7,6.3,A
STU0758,2.5,0.6,4.5,2.5,2.4,R
STU0759,6.3,6.3,7.6,7.4,6.4,A
STU0760,6.4,6.8,6.2,5.8,6.5,R
STU0761,4.2,4.5,5.0,5.1,4.5,R
STU0762,8.9,6.5,8.6,7.3,8.2,A
STU0763,7.4,8.2,8.3,6.2,7.4,A
STU0764,6.0,5.8,6.7,5.1,6.3,R
STU0765,2.1,2.2,1.6,1.8,3.0,R
STU0766,7.3,6.4,7.0,5.9,6.4,A
STU0767,3.5,3.3,1.5,3.0,2.6,R
STU0768,5.4,5.0,6.6,5.2,6.5,R
STU0769,8.2,4.9,9.1,8.8,8.1,A
STU0770,7.7,8.4,8.9,8.6,8.0,A
STU0771,10.0,9.5,9.1,8.9,8.7,A
STU0772,6.4,6.4,6.0,6.0,5.1,R
STU0773,6.2,6.3,6.8,5.8,6.1,A
STU0774,5.6,6.3,5.7,6.1,6.7,R
STU0775,9.0,9.4,8.5,6.5,8.9,A
STU0776,9.2,9.0,7.9,5.1,9.6,A
STU0777,4.6,2.6,2.3,3.6,0.4,R
STU0778,5.8,6.1,5.6,5.6,6.5,R
STU0779,7.4,7.6,7.3,6.0,7.8,A
STU0780,8.5,7.2,7.6,6.2,7.2,A
STU0781,8.2,4.6,7.6,8.3,8.4,A
STU0782,8.0,8.7,9.4,5.0,8.4,A
STU0783,9.1,5.4,7.5,6.8,9.2,A
STU0784,6.6,6.4,7.7,7.0,7.2,A
STU0785,9.6,9.5,9.0,9.5,9.4,A
STU0786,6.3,5.3,5.8,5.8,7.0,R
STU0787,8.5,5.8,6.8,8.7,9.2,A
STU0788,6.4,9.6,8.3,7.6,8.8,A
STU0789,9.1,9.2,9.9,9.7,9.5,A
STU0790,5.4,6.0,6.4,6.9,7.1,A
STU0791,6.8,5.3,5.4,6.6,5.8,R
STU0792,4.7,3.3,4.4,4.8,0.5,R
STU0793,6.5,6.4,5.9,6.5,6.5,A
STU0794,6.1,5.8,5.9,6.6,6.9,A
STU0795,7.7,10.0,10.0,9.9,9.5,A
STU0796,7.6,6.4,7.1,7.0,7.0,A
STU0797,8.3,9.5,8.5,6.3,9.3,A
STU0798,6.4,6.8,6.5,5.5,5.9,R
STU0799,9.6,9.5,8.9,9.9,10.0,A
STU0800,8.7,8.2,8.1,5.6,8.3,A
STU0801,5.0,8.4,7.4,8.5,8.5,A
STU0802,9.9,9.7,10.0,9.6,9.6,A
STU0803,8.4,8.4,8.7,9.9,8.4,A
STU0804,9.0,9.7,10.0,8.2,8.7,A
STU0805,2.1,3.8,3.2,0.4,3.0,R
STU0806,4.9,8.3,8.5,8.3,8.3,A
STU0807,8.0,8.7,9.4,5.0,9.0,A
STU0808,4.2,5.7,5.2,5.9,5.6,R
STU0809,8.9,4.6,8.9,7.6,7.6,A
STU0810,6.3,9.5,8.2,7.8,9.9,A
STU0811,3.4,4.6,3.9,4.6,3.1,R
STU0812,9.8,8.4,7.9,9.0,9.7,A
STU0813,6.9,5.8,5.8,6.2,5.6,R
STU0814,8.1,9.3,8.7,8.6,9.2,A
STU0815,2.8,4.1,0.8,2.5,1.3,R
STU0816,5.6,5.8,5.8,6.3,6.6,R
STU0817,2.2,1.4,3.4,4.8,3.2,R
STU0818,5.1,5.4,5.5,5.5,6.2,R
STU0819,10.0,8.9,9.5,9.1,8.4,A
STU0820,5.6,6.2,6.0,6.6,6.8,R
STU0821,0.1,1.1,3.0,3.5,4.2,R
STU0822,5.2,8.2,8.8,7.5,7.6,A
STU0823,1.6,1.3,3.7,3.4,4.7,R
STU0824,6.1,7.3,6.1,6.5,7.3,A
STU0825,6.1,6.0,7.2,7.1,6.4,A
STU0826,10.0,9.8,8.6,8.7,8.8,A
STU0827,4.0,4.3,3.1,4.7,3.0,R
STU0828,6.5,5.3,6.5,5.7,6.8,R
STU0829,9.4,8.4,9.9,8.9,9.1,A
STU0830,7.0,8.1,9.4,8.1,9.3,A
STU0831,6.2,6.1,6.8,6.2,7.2,R
STU0832,9.6,9.4,9.3,9.2,9.1,A
STU0833,4.8,7.8,9.3,7.2,8.2,A
STU0834,7.7,5.2,8.9,7.6,8.6,A
STU0835,6.7,6.0,6.8,6.5,7.3,A
STU0836,6.7,7.6,6.2,6.5,6.7,A
STU0837,8.5,9.4,9.6,9.8,10.0,A
STU0838,9.7,9.1,9.1,8.7,9.9,A
STU0839,8.1,9.1,7.8,6.1,8.3,A
STU0840,7.1,6.5,6.9,7.2,6.0,A
STU0841,5.8,8.4,8.1,7.1,8.0,A
STU0842,7.3,6.6,6.9,6.9,6.2,A
STU0843,2.0,4.0,4.5,2.3,1.5,R
STU0844,7.2,6.5,7.1,6.8,6.9,A
STU0845,7.5,7.3,6.3,6.3,6.4,A
STU0846,8.5,4.8,8.4,8.5,8.3,A
STU0847,9.6,9.0,9.1,8.8,8.6,A
STU0848,0.5,2.0,4.3,5.0,3.4,R
STU0849,8.3,8.4,8.1,8.2,8.1,A
STU0850,9.7,8.5,9.1,8.5,8.3,A
STU0851,7.1,6.9,6.9,6.7,7.8,A
STU0852,6.2,6.6,6.1,6.9,6.7,A
STU0853,4.6,7.8,9.3,7.6,9.5,A
STU0854,9.0,3.8,8.8,8.6,9.3,A
STU0855,9.2,5.5,8.1,8.3,8.5,A
STU0856,6.2,5.8,5.6,5.6,6.1,R
STU0857,4.3,5.0,3.7,4.4,4.8,R
STU0858,8.1,5.7,8.1,8.9,8.3,A
STU0859,9.7,9.1,9.1,10.0,8.9,A
STU0860,3.1,1.1,4.6,2.9,4.1,R
STU0861,7.2,6.8,6.4,6.4,5.8,A
STU0862,8.5,9.0,7.9,6.2,8.3,A
STU0863,9.2,8.4,8.3,8.9,10.0,A
STU0864,6.5,6.9,5.8,6.1,7.6,A
STU0865,5.4,6.1,5.3,5.7,4.9,R
STU0866,8.7,9.2,8.5,9.3,9.1,A
STU0867,8.0,7.1,9.0,4.9,7.7,A
STU0868,1.2,1.6,2.9,3.0,4.7,R
STU0869,8.6,8.8,7.4,5.4,9.4,A
STU0870,4.3,4.6,3.7,3.6,0.2,R
STU0871,9.3,5.5,7.9,8.1,9.6,A
STU0872,5.5,6.2,6.7,5.7,6.2,R
STU0873,2.8,2.1,4.3,4.1,2.3,R
STU0874,8.4,7.9,7.9,8.6,7.9,A
STU0875,7.7,9.0,8.3,6.1,7.5,A
STU0876,7.8,6.6,9.0,7.7,8.4,A
STU0877,9.4,9.6,8.2,8.5,9.1,A
STU0878,9.6,9.1,7.5,5.9,7.7,A
STU0879,8.2,5.3,8.7,6.4,7.8,A
STU0880,5.2,6.4,6.9,6.2,5.2,R
STU0881,4.6,4.6,3.1,3.7,4.6,R
STU0882,8.0,9.3,8.1,7.7,7.4,A
STU0883,3.8,5.5,6.5,5.6,6.2,R
STU0884,7.2,6.3,6.2,6.3,7.5,A
STU0885,4.8,8.4,8.4,7.4,9.0,A
STU0886,3.1,2.7,4.8,3.1,3.5,R
STU0887,6.2,6.2,7.1,6.6,7.6,A
STU0888,6.5,7.1,5.9,6.6,5.8,R
STU0889,8.6,6.1,8.7,7.2,8.3,A
STU0890,8.4,9.6,7.8,8.5,8.2,A
STU0891,4.8,4.9,4.3,4.5,4.8,R
STU0892,5.9,5.7,6.5,6.7,5.6,R
STU0893,6.4,6.9,7.0,7.1,7.5,A
STU0894,9.3,7.3,7.8,4.7,8.9,A
STU0895,7.7,5.7,8.7,8.9,9.2,A
STU0896,6.4,7.3,5.9,5.3,5.4,R
STU0897,6.2,8.8,8.1,7.4,8.1,A
STU0898,6.0,6.1,6.9,6.1,5.8,R
STU0899,9.2,6.0,7.9,7.1,7.4,A
STU0900,8.4,9.2,8.0,9.5,9.8,A
STU0901,5.8,6.2,6.1,6.2,6.6,A
STU0902,8.0,8.1,7.8,7.8,7.7,A
STU0903,3.9,4.0,2.4,4.6,1.2,R
STU0904,7.8,9.8,8.3,9.0,8.9,A
STU0905,9.8,9.1,9.5,8.5,8.3,A
STU0906,2.3,0.6,3.0,4.3,3.8,R
STU0907,2.0,2.5,0.2,0.4,2.1,R
STU0908,9.3,9.3,7.8,8.1,9.2,A
STU0909,6.4,6.8,7.1,6.4,6.7,A
STU0910,9.0,9.1,9.4,9.0,9.5,A
STU0911,6.2,6.5,6.6,6.7,6.9,A
STU0912,2.4,3.2,3.6,4.5,0.7,R
STU0913,6.1,5.2,5.4,5.8,6.0,R
STU0914,5.9,6.5,5.7,6.7,6.4,R
STU0915,8.8,8.4,9.1,8.0,8.4,A
STU0916,5.2,9.2,8.9,8.1,7.0,A
STU0917,9.3,9.4,9.0,8.5,9.9,A
STU0918,8.3,7.9,8.3,8.5,8.3,A
STU0919,4.6,5.0,5.1,6.1,4.4,R
STU0920,3.4,4.3,2.3,3.0,0.6,R
STU0921,5.4,6.2,5.9,4.8,4.8,R
STU0922,6.1,5.3,6.4,6.7,5.8,R
STU0923,6.1,7.6,8.7,7.1,8.5,A
STU0924,5.9,7.9,7.7,8.9,9.4,A
STU0925,9.2,7.5,8.5,5.6,7.3,A
STU0926,0.4,0.1,1.8,0.5,1.8,R
STU0927,8.0,5.6,8.2,8.4,8.3,A
STU0928,6.0,7.0,7.5,5.9,6.2,A
STU0929,7.1,6.6,6.7,6.6,6.6,A
STU0930,0.5,0.9,1.2,1.9,0.5,R
STU0931,6.1,6.2,5.9,6.3,5.7,R
STU0932,5.0,5.6,5.7,4.6,4.8,R
STU0933,6.5,4.8,5.8,6.6,6.7,R
STU0934,2.2,2.8,4.6,3.5,0.3,R
STU0935,8.9,8.5,10.0,8.6,9.1,A
STU0936,9.1,8.2,9.0,5.7,8.0,A
STU0937,7.4,9.2,9.6,5.5,8.5,A
STU0938,5.2,4.8,5.9,5.0,6.3,R
STU0939,8.8,7.7,8.3,4.3,9.6,A
STU0940,10.0,9.3,9.4,8.6,9.5,A
STU0941,0.1,0.8,3.8,3.9,4.0,R
STU0942,6.1,6.0,5.8,6.5,6.4,R
STU0943,6.1,8.0,7.5,7.7,9.3,A
STU0944,9.8,9.1,9.6,10.0,9.4,A
STU0945,7.0,5.9,6.4,7.2,7.5,A
STU0946,4.8,4.3,3.4,4.3,1.4,R
STU0947,2.9,2.3,2.5,1.2,0.3,R
STU0948,2.1,2.0,2.5,3.3,2.1,R
STU0949,7.2,6.5,7.5,6.8,6.1,A
STU0950,0.0,1.5,1.7,1.8,2.5,R
STU0951,9.5,9.0,9.8,9.3,9.9,A
STU0952,9.1,8.9,9.5,4.8,7.7,A
STU0953,8.6,8.5,7.1,8.8,7.5,A
STU0954,7.6,8.9,9.0,4.8,7.9,A
STU0955,3.2,4.6,4.0,3.4,3.7,R
STU0956,5.1,5.6,5.2,5.8,6.6,R
STU0957,3.5,3.7,4.5,4.1,4.1,R
STU0958,9.9,9.3,9.2,8.7,8.5,A
STU0959,9.9,8.1,8.6,8.9,8.2,A
STU0960,2.2,1.9,2.7,0.8,2.6,R
STU0961,9.4,8.3,8.9,9.1,8.6,A
STU0962,8.6,5.6,8.6,7.6,9.4,A
STU0963,6.2,6.2,6.3,6.3,6.6,A
STU0964,7.9,9.4,9.2,9.5,9.2,A
STU0965,5.8,6.2,7.0,6.9,5.9,R
STU0966,4.1,4.5,5.8,6.6,4.9,R
STU0967,6.7,7.4,6.1,6.7,6.1,A
STU0968,8.5,5.6,7.9,8.9,9.6,A
STU0969,9.4,8.5,9.7,8.6,9.5,A
STU0970,5.7,8.3,7.6,8.0,8.2,A
STU0971,6.9,7.1,6.6,7.6,6.4,A
STU0972,0.8,1.1,3.6,3.8,3.3,R
STU0973,7.9,9.6,8.8,9.3,8.7,A
STU0974,6.9,7.5,6.1,5.8,6.3,A
STU0975,3.2,3.7,2.2,2.5,2.0,R
STU0976,9.4,6.4,8.7,8.2,9.2,A
STU0977,7.6,7.9,9.1,5.9,7.7,A
STU0978,6.0,5.7,5.8,6.6,4.6,R
STU0979,1.2,1.4,2.6,2.7,3.9,R
STU0980,9.5,9.7,10.0,9.0,9.8,A
STU0981,7.7,6.1,7.8,7.5,8.1,A
STU0982,9.0,10.0,10.0,9.0,9.7,A
STU0983,3.2,3.9,4.1,3.8,4.3,R
STU0984,8.1,5.5,8.8,7.6,9.4,A
STU0985,9.7,8.9,7.8,9.7,9.7,A
STU0986,5.8,8.3,8.3,7.8,8.6,A
STU0987,5.6,8.8,8.7,7.5,8.2,A
STU0988,4.4,4.5,3.4,4.2,3.3,R
STU0989,6.1,7.2,5.5,5.7,7.7,A
STU0990,9.7,8.4,8.5,4.9,9.3,A
STU0991,9.5,9.5,8.2,5.4,9.1,A
STU0992,0.8,2.0,3.9,4.6,4.5,R
STU0993,8.3,10.0,9.9,10.0,10.0,A
STU0994,8.5,8.3,9.1,7.7,8.1,A
STU0995,2.0,2.1,0.7,2.3,0.8,R
STU0996,9.3,7.8,8.9,9.7,7.8,A
STU0997,4.6,3.6,2.1,3.4,0.1,R
STU0998,6.2,8.6,8.8,7.9,7.8,A
STU0999,6.2,5.6,6.2,7.3,6.5,A
STU1000,7.8,9.9,9.5,10.0,7.9,A
STU1001,7.5,8.8,8.2,5.1,7.8,A
STU1002,7.8,5.6,9.5,8.6,9.1,A
STU1003,5.7,7.2,6.3,6.5,7.5,A
STU1004,7.2,6.9,6.2,6.0,7.1,A
STU1005,7.9,5.1,7.7,6.9,7.9,A
STU1006,8.0,5.8,7.8,8.8,7.7,A
STU1007,4.6,3.7,3.6,4.7,3.7,R
STU1008,9.3,9.2,9.1,9.9,10.0,A
STU1009,2.3,1.1,3.3,4.5,3.5,R
STU1010,4.4,7.7,9.0,8.2,8.2,A
STU1011,8.5,9.1,8.9,8.0,9.4,A
STU1012,8.0,8.0,7.3,8.0,8.5,A
STU1013,7.6,7.7,8.1,8.8,7.5,A
STU1014,9.5,8.0,9.3,4.3,8.2,A
STU1015,8.2,8.7,8.8,4.6,8.2,A
STU1016,8.1,9.3,8.8,8.5,9.7,A
STU1017,8.1,8.4,8.7,9.7,8.7,A
STU1018,5.6,5.9,6.0,6.4,5.7,R
STU1019,8.3,5.4,8.8,7.1,8.7,A
STU1020,9.4,9.1,9.6,8.5,9.4,A
STU1021,8.9,8.5,9.4,9.5,9.5,A
STU1022,7.5,5.0,7.2,8.9,7.5,A
STU1023,8.7,9.3,10.0,9.6,9.9,A
STU1024,6.5,6.1,6.3,5.9,6.1,A
STU1025,10.0,9.4,9.6,10.0,10.0,A
STU1026,4.9,5.8,6.3,6.2,6.7,R
STU1027,2.9,3.2,1.9,2.2,1.7,R
STU1028,5.3,8.7,9.2,7.9,8.6,A
STU1029,5.8,6.5,6.7,5.4,6.5,R
STU1030,3.1,5.0,4.5,4.9,5.1,R
STU1031,4.1,3.2,1.2,2.9,2.0,R
STU1032,9.3,4.2,8.3,8.6,9.0,A
STU1033,8.0,7.9,8.6,8.4,8.8,A
STU1034,8.3,8.0,9.5,5.3,8.1,A
STU1035,8.7,5.0,8.7,8.4,7.5,A
STU1036,4.8,5.5,5.8,6.1,6.4,R
STU1037,8.7,8.2,9.3,5.2,8.5,A
STU1038,9.1,5.5,9.4,8.4,8.0,A
STU1039,2.6,3.2,0.0,2.6,0.3,R
STU1040,10.0,6.1,7.6,8.0,7.7,A
STU1041,9.6,9.4,9.7,8.9,9.5,A
STU1042,6.6,7.8,6.9,6.5,5.9,A
STU1043,8.5,9.5,10.0,8.7,9.4,A
STU1044,9.4,9.6,10.0,9.9,9.7,A
STU1045,6.3,5.9,5.5,6.3,5.5,R
STU1046,6.6,5.6,6.8,5.6,6.5,R
STU1047,9.1,8.2,8.7,9.6,8.9,A
STU1048,9.5,8.7,8.8,7.8,8.4,A
STU1049,8.3,10.0,9.9,8.8,7.8,A
STU1050,8.1,6.0,7.8,8.9,7.9,A
STU1051,6.4,7.5,8.1,8.3,8.8,A
STU1052,5.9,6.9,6.4,6.1,6.1,R
STU1053,9.5,8.3,9.0,10.0,9.5,A
STU1054,3.4,4.6,4.1,3.7,5.6,R
STU1055,4.8,4.7,5.2,6.0,6.4,R
STU1056,1.0,0.5,2.8,4.1,4.4,R
STU1057,1.1,1.3,4.9,4.7,3.8,R
STU1058,5.5,5.0,5.7,6.4,4.3,R
STU1059,9.0,8.5,9.2,10.0,9.6,A
STU1060,9.0,8.8,8.7,6.4,9.4,A
STU1061,5.7,5.3,5.9,5.8,5.7,R
STU1062,2.3,3.0,4.2,2.5,2.1,R
STU1063,6.2,7.2,5.7,6.5,6.8,A
STU1064,5.6,6.6,6.0,7.1,6.6,A
STU1065,5.6,6.9,6.2,5.4,5.2,R
STU1066,6.9,6.6,6.2,6.1,5.5,R
STU1067,4.6,3.6,2.6,3.4,4.1,R
STU1068,8.9,5.7,7.8,7.4,9.3,A
STU1069,8.0,8.4,8.8,4.6,8.5,A
STU1070,9.5,7.5,10.0,9.3,8.5,A
STU1071,7.7,7.8,8.8,8.4,8.9,A
STU1072,5.3,6.7,6.2,6.6,5.6,R
STU1073,9.2,5.6,8.1,8.5,9.6,A
STU1074,3.0,2.4,3.8,4.7,1.7,R
STU1075,9.1,9.0,8.7,9.0,8.7,A
STU1076,8.8,5.6,8.6,7.2,8.8,A
STU1077,9.0,7.8,8.8,6.1,8.2,A
STU1078,5.1,8.8,8.5,8.5,8.8,A
STU1079,8.1,5.9,8.3,7.5,7.7,A
STU1080,9.0,9.5,9.4,10.0,9.1,A
STU1081,6.2,8.3,8.9,8.5,8.5,A
STU1082,6.6,7.0,7.4,7.0,7.8,A
STU1083,7.9,8.2,9.0,5.7,8.9,A
STU1084,8.7,7.8,9.3,9.9,8.9,A
STU1085,2.4,0.0,2.7,4.2,4.2,R
STU1086,9.9,9.9,9.2,8.2,10.0,A
STU1087,7.9,8.8,8.6,4.7,9.6,A
STU1088,6.6,6.2,7.1,6.1,7.0,A
STU1089,9.4,8.7,9.2,9.8,8.7,A
STU1090,9.4,9.1,7.7,8.5,10.0,A
STU1091,2.7,1.5,2.5,4.0,4.1,R
STU1092,9.5,9.6,9.3,10.0,8.9,A
STU1093,5.4,8.4,8.3,7.5,8.4,A
STU1094,4.8,6.0,5.7,5.7,5.6,R
STU1095,5.2,4.5,5.4,5.8,5.5,R
STU1096,4.5,3.5,3.8,4.2,4.0,R
STU1097,7.5,4.2,7.1,8.3,7.9,A
STU1098,9.5,7.7,7.7,9.7,7.6,A
STU1099,7.9,4.4,8.9,7.8,7.4,A
STU1100,5.3,5.5,5.5,4.5,5.8,R
STU1101,8.5,5.0,9.2,7.8,7.9,A
STU1102,0.3,1.8,1.1,0.0,1.4,R
STU1103,8.0,6.0,7.6,8.6,9.4,A
STU1104,6.1,6.2,5.9,5.0,6.6,R
STU1105,6.4,6.0,6.8,7.0,7.3,A
STU1106,4.9,5.4,5.5,6.2,5.8,R
STU1107,9.0,8.1,7.9,9.6,9.3,A
STU1108,7.8,8.4,7.7,7.8,7.6,A
STU1109,10.0,8.1,10.0,9.5,8.3,A
STU1110,8.0,5.7,9.9,7.6,8.4,A
STU1111,8.1,8.8,8.2,8.8,8.4,A
STU1112,10.0,10.0,9.5,9.4,9.5,A
STU1113,8.6,8.3,7.7,5.9,8.7,A
STU1114,9.4,9.4,9.4,8.9,9.5,A
STU1115,8.9,9.7,9.1,9.4,9.3,A
STU1116,5.3,9.4,9.6,8.4,7.2,A
STU1117,6.1,4.4,4.0,6.0,4.9,R
STU1118,8.9,8.7,8.0,8.0,9.4,A
STU1119,8.6,9.7,9.6,9.3,9.8,A
STU1120,9.4,10.0,9.5,9.3,8.9,A
STU1121,7.5,8.8,8.6,9.7,9.4,A
STU1122,8.2,8.6,9.0,8.8,8.3,A
STU1123,7.9,4.9,7.8,8.6,8.7,A
STU1124,8.6,10.0,9.5,8.9,8.9,A
STU1125,4.3,4.1,3.7,4.0,5.3,R
STU1126,5.4,4.9,5.7,4.2,5.5,R
STU1127,8.9,8.2,9.1,10.0,9.3,A
STU1128,10.0,8.3,9.0,8.2,8.5,A
STU1129,6.4,6.3,7.2,7.0,5.6,A
STU1130,4.7,7.1,8.5,8.1,9.0,A
STU1131,9.5,8.2,10.0,9.1,8.2,A
STU1132,7.5,9.3,9.2,8.2,8.8,A
STU1133,3.2,2.7,3.5,2.1,2.8,R
STU1134,5.8,4.1,5.6,5.5,5.4,R
STU1135,9.3,5.5,7.6,7.2,9.3,A
STU1136,5.3,3.2,3.3,4.3,3.9,R
STU1137,7.7,5.6,7.2,6.7,7.0,A
STU1138,8.8,9.3,9.3,9.7,8.0,A
STU1139,8.1,8.5,9.4,9.8,8.8,A
STU1140,8.6,8.2,10.0,5.1,8.2,A
STU1141,4.1,5.4,5.6,5.2,6.0,R
STU1142,7.0,5.9,6.0,7.6,7.8,A
STU1143,7.6,7.6,7.3,8.4,7.4,A
STU1144,8.8,8.6,9.4,9.8,9.9,A
STU1145,1.5,2.3,2.1,1.8,1.1,R
STU1146,4.8,8.8,7.0,8.2,8.7,A
STU1147,8.0,8.4,8.2,7.6,8.1,A
STU1148,10.0,7.9,8.0,8.9,8.9,A
STU1149,9.8,9.2,8.5,5.2,9.1,A
STU1150,8.4,8.4,9.7,8.7,9.2,A
STU1151,1.8,3.3,3.6,3.2,4.1,R
STU1152,8.3,7.8,8.4,7.9,8.1,A
STU1153,7.2,6.4,5.4,6.4,7.4,A
STU1154,4.7,4.0,3.6,3.9,4.1,R
STU1155,2.9,2.8,3.3,5.3,3.4,R
STU1156,5.8,5.3,4.8,5.8,5.3,R
STU1157,5.4,9.1,8.2,8.0,9.1,A
STU1158,7.4,7.2,7.6,6.1,6.4,A
STU1159,8.5,9.0,8.4,6.1,7.7,A
STU1160,8.6,8.3,8.8,9.0,9.5,A
STU1161,5.4,6.2,5.7,4.2,4.0,R
STU1162,9.3,9.8,9.3,9.1,8.5,A
STU1163,8.9,9.3,9.4,9.7,9.3,A
STU1164,8.9,8.4,9.3,8.4,8.9,A
STU1165,5.7,6.2,5.2,4.9,5.7,R
STU1166,9.0,5.0,9.8,8.3,8.7,A
STU1167,9.0,10.0,8.8,9.1,8.0,A
STU1168,7.0,6.1,6.2,6.9,5.1,R
STU1169,1.9,2.3,1.8,2.0,2.5,R
STU1170,9.5,8.3,9.2,9.4,8.1,A
STU1171,9.4,9.4,9.2,9.1,9.4,A
STU1172,5.3,7.1,5.5,6.7,6.1,R
STU1173,3.9,4.7,3.4,3.9,2.8,R
STU1174,7.9,8.0,8.3,5.5,8.3,A
STU1175,5.3,8.2,8.0,8.2,9.3,A
STU1176,1.9,1.4,4.0,3.3,4.5,R
STU1177,5.5,5.7,5.0,4.9,6.2,R
STU1178,8.4,8.4,8.2,9.7,7.9,A
STU1179,5.4,5.3,4.8,5.9,6.8,R
STU1180,9.4,9.6,9.5,9.6,10.0,A
STU1181,9.8,8.9,9.4,10.0,10.0,A
STU1182,7.2,8.0,8.6,8.0,7.8,A
STU1183,8.0,8.5,9.6,8.4,9.4,A
STU1184,8.2,7.1,8.8,7.1,7.9,A
STU1185,8.0,5.7,8.5,8.0,9.6,A
STU1186,3.0,1.7,0.7,1.9,1.9,R
STU1187,6.3,5.6,7.0,7.5,7.7,A
STU1188,5.4,8.3,7.9,7.1,7.9,A
STU1189,0.4,1.6,0.8,0.4,0.3,R
STU1190,7.3,7.8,8.0,8.4,7.9,A
STU1191,6.0,6.2,5.3,4.9,5.7,R
STU1192,5.9,7.1,5.1,6.9,5.7,R
STU1193,8.7,8.2,8.1,5.9,9.7,A
STU1194,4.7,4.0,4.0,3.2,4.6,R
STU1195,7.6,7.8,7.3,7.7,8.1,A
STU1196,6.4,5.4,5.7,5.9,6.5,R
STU1197,9.8,9.5,8.5,9.0,10.0,A
STU1198,8.8,4.7,7.5,7.9,7.4,A
STU1199,5.3,6.1,6.3,5.9,5.7,R
STU1200,6.5,7.7,8.5,7.6,9.2,A
STU1201,8.1,8.5,8.5,9.4,8.6,A
STU1202,6.5,6.8,6.3,6.5,6.9,A
STU1203,6.1,7.1,6.8,5.5,5.7,R
STU1204,9.1,8.5,9.2,8.5,9.9,A
STU1205,9.3,8.7,9.7,9.0,9.4,A
STU1206,7.0,6.5,6.9,5.8,6.6,A
STU1207,9.0,8.1,9.1,5.2,8.4,A
STU1208,5.5,6.5,7.0,5.9,5.6,R
STU1209,9.4,9.3,10.0,9.7,9.4,A
STU1210,1.7,0.0,4.5,5.0,3.3,R
STU1211,5.8,7.0,5.5,6.8,5.4,R
STU1212,5.0,4.1,4.9,4.7,4.4,R
STU1213,8.3,7.8,7.9,7.6,8.9,A
STU1214,9.1,8.4,8.2,10.0,10.0,A
STU1215,7.4,8.3,9.3,6.5,9.2,A
STU1216,4.8,7.9,9.0,8.6,8.1,A
STU1217,8.1,8.1,9.7,9.5,8.7,A
STU1218,6.2,7.2,5.9,6.6,7.8,A
STU1219,7.5,8.0,8.9,5.2,8.7,A
STU1220,6.6,5.8,6.8,7.0,5.9,A
STU1221,7.1,6.3,5.4,6.7,7.9,A
STU1222,3.2,4.3,3.6,3.7,4.8,R
STU1223,7.9,8.1,8.6,7.5,7.9,A
STU1224,9.2,8.6,8.9,3.7,8.8,A
STU1225,7.7,8.1,8.0,8.6,8.1,A
STU1226,2.4,1.9,2.5,3.2,3.5,R
STU1227,9.2,9.8,9.5,9.6,9.9,A
STU1228,7.6,5.6,5.8,6.2,7.3,A
STU1229,8.3,5.5,8.1,7.9,7.4,A
STU1230,6.4,8.5,8.8,7.9,7.8,A
STU1231,3.0,4.2,3.3,2.6,0.7,R
STU1232,7.2,6.7,5.4,6.3,7.8,A
STU1233,5.6,9.4,8.6,7.0,8.6,A
STU1234,8.5,4.6,8.6,8.0,9.1,A
STU1235,8.0,8.4,7.3,8.2,7.4,A
STU1236,8.9,6.6,6.9,7.2,7.4,A
STU1237,5.5,5.2,6.7,5.5,7.0,R
STU1238,5.2,6.8,5.9,6.2,6.1,R
STU1239,10.0,9.9,10.0,9.3,9.5,A
STU1240,7.0,6.1,6.0,5.5,6.9,A
STU1241,8.1,9.0,9.3,4.9,8.3,A
STU1242,8.5,5.7,9.1,7.2,9.8,A
STU1243,4.7,5.4,5.4,5.1,5.5,R
STU1244,8.8,9.3,7.8,6.1,9.1,A
STU1245,6.0,5.9,7.4,7.0,6.5,A
STU1246,6.0,9.4,7.8,7.4,9.4,A
STU1247,5.2,7.9,7.8,8.5,8.3,A
STU1248,6.6,6.9,7.1,7.3,7.9,A
STU1249,6.9,7.1,6.9,7.1,6.2,A
STU1250,5.6,4.7,3.9,6.1,5.1,R
STU1251,6.8,5.3,5.9,5.5,6.8,R
STU1252,4.8,5.0,5.3,5.3,4.6,R
STU1253,6.1,4.9,6.0,5.7,6.5,R
STU1254,4.5,4.3,5.4,5.0,4.7,R
STU1255,8.5,7.3,7.9,7.7,7.8,A
STU1256,3.9,3.9,4.8,5.5,3.9,R
STU1257,3.6,4.8,4.9,5.0,4.5,R
STU1258,8.3,7.4,8.0,8.2,7.4,A
STU1259,5.6,6.6,6.8,7.0,8.1,A
STU1260,9.6,9.5,8.7,7.9,8.6,A
STU1261,8.7,9.1,8.9,9.3,9.3,A
STU1262,5.5,8.7,7.9,8.2,8.3,A
STU1263,8.8,8.1,7.6,8.2,7.6,A
STU1264,9.0,4.4,8.3,7.2,8.2,A
STU1265,4.3,3.9,5.1,6.2,4.0,R
STU1266,9.6,7.4,10.0,8.3,9.7,A
STU1267,9.2,9.6,8.5,9.6,9.7,A
STU1268,8.9,9.7,9.0,10.0,9.9,A
STU1269,7.4,6.5,6.5,6.7,7.6,A
STU1270,5.0,3.6,5.2,4.4,3.8,R
STU1271,5.4,9.3,9.5,7.5,7.8,A
STU1272,7.7,7.3,8.7,6.9,7.7,A
STU1273,8.2,5.2,9.2,8.0,7.9,A
STU1274,1.0,1.0,4.7,4.7,3.2,R
STU1275,7.5,8.5,8.1,4.4,9.1,A
STU1276,8.3,7.8,9.2,4.9,7.3,A
STU1277,6.2,6.1,7.5,7.5,6.9,A
STU1278,7.4,7.2,6.8,6.0,6.7,A
STU1279,4.4,8.4,7.5,8.4,9.0,A
STU1280,4.0,1.9,2.8,3.1,1.1,R
STU1281,8.4,9.2,7.3,4.1,7.8,A
STU1282,6.6,6.4,5.6,5.4,4.1,R
STU1283,7.6,6.6,6.3,5.8,7.0,R
STU1284,5.7,5.5,5.9,5.6,6.2,R
STU1285,8.6,4.7,7.9,7.7,7.8,A
STU1286,9.3,9.1,9.6,8.2,9.6,A
STU1287,9.2,9.0,9.2,9.1,9.3,A
STU1288,9.8,8.6,8.9,10.0,8.1,A
STU1289,5.3,8.8,8.6,8.5,8.6,A
STU1290,9.2,10.0,9.0,8.9,8.4,A
STU1291,2.6,1.6,1.1,1.5,1.2,R
STU1292,8.3,8.1,8.5,7.8,8.0,A
STU1293,6.7,6.9,6.5,6.4,6.3,A
STU1294,5.8,5.9,5.1,6.2,5.0,R
STU1295,1.9,3.6,2.8,2.5,0.4,R
STU1296,6.3,5.4,6.0,5.9,6.7,A
STU1297,9.3,9.5,8.9,9.5,9.3,A
STU1298,1.4,2.9,2.2,3.6,3.4,R
STU1299,1.6,2.5,2.2,1.8,2.7,R
STU1300,7.5,8.8,7.6,5.2,7.9,A
STU1301,10.0,7.8,8.4,6.1,8.8,A
STU1302,9.0,9.8,9.9,9.2,9.8,A
STU1303,9.4,9.7,8.6,9.1,8.0,A
STU1304,7.8,8.4,8.1,8.6,7.5,A
STU1305,6.7,5.9,5.6,6.4,6.4,R
STU1306,0.8,1.4,3.7,3.8,4.3,R
STU1307,7.2,7.2,6.2,6.9,7.8,A
STU1308,8.9,10.0,8.6,7.9,7.7,A
STU1309,5.8,6.8,5.9,6.6,5.2,R
STU1310,9.9,9.4,9.8,9.6,10.0,A
STU1311,8.3,7.6,7.8,7.5,7.6,A
STU1312,5.5,5.8,6.5,5.1,5.8,R
STU1313,6.3,7.7,6.7,6.6,6.7,A
STU1314,8.2,8.6,8.8,4.9,9.5,A
STU1315,6.8,7.6,6.3,6.1,7.9,A
STU1316,7.9,6.8,7.7,6.5,6.8,A
STU1317,7.3,6.6,5.8,7.3,7.5,A
STU1318,7.9,5.3,9.1,7.5,7.9,A
STU1319,6.1,7.6,8.7,8.1,7.7,A
STU1320,9.3,5.9,7.4,7.6,8.6,A
STU1321,10.0,8.7,9.6,10.0,8.2,A
STU1322,4.6,9.3,9.7,8.2,9.5,A
STU1323,2.9,3.2,2.7,0.7,1.3,R
STU1324,4.6,6.0,5.9,5.3,5.6,R
STU1325,8.9,9.5,9.5,9.7,9.0,A
STU1326,5.6,6.3,5.9,6.7,6.7,R
STU1327,6.4,6.6,7.4,6.0,5.9,R
STU1328,5.1,4.2,4.4,5.3,6.0,R
STU1329,5.9,6.0,7.1,6.8,7.2,A
STU1330,8.3,8.2,7.5,8.3,8.1,A
STU1331,7.6,7.6,6.0,6.6,6.9,A
STU1332,8.3,9.2,8.0,8.8,9.5,A
STU1333,5.1,5.5,4.1,5.1,4.9,R
STU1334,9.0,5.5,9.2,8.1,9.4,A
STU1335,9.4,9.8,10.0,9.4,9.5,A
STU1336,9.2,9.2,9.7,8.7,9.3,A
STU1337,6.7,6.1,5.7,7.1,6.2,A
STU1338,6.7,6.7,6.2,6.4,6.9,A
STU1339,6.6,6.3,5.7,6.0,6.3,A
STU1340,6.5,6.0,6.3,6.6,6.1,R
STU1341,1.0,2.8,3.1,3.3,4.7,R
STU1342,5.9,5.2,7.3,5.7,6.3,R
STU1343,7.4,6.5,5.9,6.8,6.6,A
STU1344,4.7,4.0,4.0,3.8,3.6,R
STU1345,6.8,6.9,6.6,5.8,6.5,A
STU1346,6.7,7.7,8.7,7.2,8.8,A
STU1347,5.2,8.7,8.0,7.7,8.2,A
STU1348,7.8,8.4,8.7,5.4,7.7,A
STU1349,8.7,9.2,8.5,8.0,7.9,A
STU1350,8.3,9.4,8.5,8.5,8.3,A
STU1351,3.2,3.4,3.7,5.1,3.4,R
STU1352,7.7,7.8,8.1,5.6,8.8,A
STU1353,8.5,8.6,8.1,5.1,8.0,A
STU1354,10.0,9.0,9.6,9.5,9.1,A
STU1355,7.1,6.9,7.4,6.8,7.3,A
STU1356,3.5,3.9,3.7,4.2,4.3,R
STU1357,6.4,6.4,4.8,5.9,5.7,R
STU1358,5.5,4.8,5.6,5.8,5.9,R
STU1359,8.4,5.5,8.6,8.7,7.5,A
STU1360,9.6,8.7,8.4,8.3,10.0,A
STU1361,7.5,7.3,6.9,7.6,7.6,A
STU1362,7.3,6.0,5.5,6.6,8.0,A
STU1363,6.0,6.7,5.4,5.8,6.7,R
STU1364,4.4,2.5,3.8,4.6,0.0,R
STU1365,10.0,8.4,8.5,9.9,9.6,A
STU1366,9.4,9.1,8.8,8.5,8.5,A
STU1367,2.5,3.5,2.0,1.8,1.9,R
STU1368,8.6,6.1,8.6,8.4,9.2,A
STU1369,2.9,2.1,3.0,2.3,0.5,R
STU1370,6.9,5.7,5.1,5.4,4.8,R
STU1371,6.8,7.9,6.6,6.9,6.8,A
STU1372,5.7,4.4,5.3,4.6,4.2,R
STU1373,6.7,7.2,9.0,8.6,9.0,A
STU1374,9.8,8.6,9.7,8.3,8.4,A
STU1375,7.6,6.0,7.4,6.1,6.6,A
STU1376,8.5,9.4,7.8,5.4,9.1,A
STU1377,8.4,4.8,9.2,8.3,9.4,A
STU1378,6.8,8.4,8.7,7.4,8.0,A
STU1379,1.4,3.5,4.9,3.5,3.0,R
STU1380,4.2,5.4,4.1,4.7,4.6,R
STU1381,5.4,8.7,8.5,8.4,7.8,A
STU1382,7.8,9.4,7.8,5.2,8.4,A
STU1383,6.6,6.9,6.0,6.8,6.0,A
STU1384,5.2,8.7,8.8,8.8,8.0,A
STU1385,5.6,6.0,6.6,4.5,5.4,R
STU1386,9.9,6.6,8.1,7.4,9.0,A
STU1387,8.1,9.5,8.5,9.4,8.9,A
STU1388,8.0,7.5,9.0,5.8,8.3,A
STU1389,1.6,1.9,2.5,0.1,0.6,R
STU1390,6.4,6.4,5.8,6.5,7.9,A
STU1391,9.4,4.9,8.4,8.5,8.6,A
STU1392,1.9,1.2,2.3,1.3,2.1,R
STU1393,9.3,8.7,9.6,10.0,8.6,A
STU1394,5.1,8.6,8.4,8.3,7.3,A
STU1395,4.9,6.7,6.3,5.5,5.1,R
STU1396,0.4,1.4,1.6,1.3,0.0,R
STU1397,6.4,8.8,8.9,8.8,8.3,A
STU1398,9.7,9.4,9.1,5.2,8.8,A
STU1399,7.5,7.7,8.0,7.7,8.4,A
STU1400,5.8,6.6,5.8,5.3,6.3,R
STU1401,8.5,8.4,8.6,8.8,10.0,A
STU1402,9.0,9.3,7.6,5.7,8.8,A
STU1403,9.6,8.9,8.9,8.3,9.8,A
STU1404,6.1,7.8,6.9,6.5,5.9,A
STU1405,10.0,9.5,9.7,9.1,9.7,A
STU1406,3.3,3.2,3.3,2.5,5.3,R
STU1407,7.5,6.1,8.5,8.1,8.3,A
STU1408,1.7,2.4,2.9,3.0,3.6,R
STU1409,2.4,3.5,3.6,4.0,1.5,R
STU1410,8.5,5.2,9.7,9.1,7.1,A
STU1411,6.3,7.6,6.8,6.5,5.8,A
STU1412,9.2,8.7,9.8,10.0,8.7,A
STU1413,5.9,6.7,5.9,6.7,7.0,A
STU1414,5.2,4.9,5.2,4.5,5.3,R
STU1415,8.9,9.0,9.4,9.2,8.3,A
STU1416,8.9,8.3,8.6,5.5,8.0,A
STU1417,4.8,4.5,3.0,4.9,1.6,R
STU1418,7.7,6.9,7.0,6.1,7.3,A
STU1419,9.3,4.4,9.2,7.5,8.2,A
STU1420,6.1,5.9,7.0,6.1,5.3,R
STU1421,6.6,7.0,7.1,7.2,7.5,A
STU1422,4.9,8.5,9.0,7.9,8.0,A
STU1423,4.3,4.7,4.7,3.0,2.7,R
STU1424,4.2,8.8,8.1,6.9,8.8,A
STU1425,8.2,8.1,8.4,8.4,7.2,A
STU1426,8.1,8.2,7.6,7.9,7.9,A
STU1427,6.8,5.9,5.4,6.6,6.1,R
STU1428,2.3,3.9,0.5,1.7,1.0,R
STU1429,9.0,4.3,9.2,8.9,9.8,A
STU1430,10.0,8.7,9.5,9.5,9.1,A
STU1431,9.1,8.2,7.8,5.4,9.5,A
STU1432,7.2,8.0,9.2,8.3,7.7,A
STU1433,7.3,5.8,6.8,6.9,6.4,R
STU1434,3.5,3.6,4.3,4.6,2.9,R
STU1435,8.7,8.0,8.2,6.0,7.2,A
STU1436,8.1,9.6,8.4,6.7,8.6,A
STU1437,9.6,9.0,8.7,5.7,8.3,A
STU1438,9.7,8.1,9.3,9.8,9.4,A
STU1439,6.3,6.9,6.8,7.6,6.5,A
STU1440,7.6,8.6,8.4,7.9,9.3,A
STU1441,5.8,4.3,4.1,4.2,4.1,R
STU1442,6.6,6.6,6.1,6.2,6.8,A
STU1443,0.0,0.8,2.4,0.7,2.6,R
STU1444,8.2,9.4,9.9,9.7,9.2,A
STU1445,6.4,5.9,6.6,7.5,7.4,A
STU1446,6.5,7.0,7.1,7.3,6.6,A
STU1447,6.0,7.4,7.2,7.0,5.9,A
STU1448,0.5,0.9,1.1,1.2,2.1,R
STU1449,5.9,5.7,4.9,5.0,6.3,R
STU1450,8.4,6.2,8.4,8.3,7.5,A
STU1451,2.0,1.3,2.4,5.3,3.3,R
STU1452,6.4,6.4,6.4,6.9,6.6,A
STU1453,8.5,8.5,9.6,9.4,9.5,A
STU1454,5.8,6.7,6.8,5.6,6.9,A
STU1455,5.1,4.1,3.4,5.1,4.5,R
STU1456,3.7,3.4,2.0,0.9,0.2,R
STU1457,5.4,8.9,9.5,6.7,7.9,A
STU1458,8.4,5.5,8.4,7.7,7.8,A
STU1459,6.2,8.1,7.6,8.1,8.6,A
STU1460,8.4,7.6,8.1,7.3,7.3,A
STU1461,7.9,7.4,8.5,8.3,6.6,A
STU1462,5.2,4.5,3.1,4.0,3.6,R
STU1463,8.4,8.3,7.9,8.7,8.2,A
STU1464,7.8,7.8,8.8,5.0,9.3,A
STU1465,8.5,5.7,8.0,7.6,9.0,A
STU1466,9.0,9.7,9.1,9.4,10.0,A
STU1467,9.9,9.4,9.7,9.1,9.1,A
STU1468,5.5,7.9,8.2,7.1,9.1,A
STU1469,9.7,5.8,8.3,6.7,8.3,A
STU1470,8.3,5.8,9.6,8.2,8.0,A
STU1471,0.0,2.5,2.5,1.8,2.2,R
STU1472,1.1,2.6,4.4,2.8,3.4,R
STU1473,4.8,4.7,4.7,5.3,4.8,R
STU1474,8.9,9.6,9.3,10.0,9.8,A
STU1475,5.9,9.5,8.2,7.4,7.8,A
STU1476,10.0,8.9,9.6,9.6,8.5,A
STU1477,5.1,7.6,9.5,7.4,8.4,A
STU1478,4.8,4.9,3.6,5.1,3.9,R
STU1479,5.8,6.5,7.6,5.6,7.5,A
STU1480,6.2,9.5,8.5,7.5,8.6,A
STU1481,9.7,9.1,9.0,8.6,9.3,A
STU1482,7.5,5.0,8.2,6.9,7.4,A
STU1483,3.1,2.5,2.7,2.6,0.6,R
STU1484,7.9,5.4,8.1,7.7,8.3,A
STU1485,8.2,9.1,9.4,5.5,8.4,A
STU1486,9.1,9.4,8.7,9.5,9.7,A
STU1487,7.5,5.0,8.5,7.2,7.9,A
STU1488,7.4,5.7,7.0,6.8,6.7,A
STU1489,5.8,9.4,8.4,8.6,8.7,A
STU1490,6.9,6.7,7.1,7.0,7.0,A
STU1491,9.1,10.0,9.4,8.9,8.7,A
STU1492,5.1,5.4,6.8,6.6,6.6,R
STU1493,3.5,4.5,4.9,3.7,4.5,R
STU1494,5.8,6.4,6.5,7.0,6.7,A
STU1495,6.4,6.7,6.5,6.8,7.3,A
STU1496,5.0,7.7,9.1,8.0,8.0,A
STU1497,8.4,8.0,8.1,8.1,8.3,A
STU1498,2.1,3.6,2.5,2.8,1.8,R
STU1499,9.5,8.7,10.0,10.0,7.9,A
STU1500,6.1,7.8,6.5,7.4,6.7,A
STU1501,3.8,4.2,4.4,3.3,3.2,R
STU1502,9.0,9.4,8.4,8.5,10.0,A
STU1503,5.1,4.7,4.5,4.8,5.9,R
STU1504,2.6,4.7,4.7,2.6,1.9,R
STU1505,8.7,8.2,9.2,4.9,8.6,A
STU1506,6.8,6.9,6.4,6.4,6.1,A
STU1507,6.4,6.5,6.8,7.6,7.0,A
STU1508,6.9,8.0,8.7,7.6,8.2,A
STU1509,0.7,1.2,4.9,3.5,4.5,R
STU1510,8.9,9.2,7.3,6.5,8.1,A
STU1511,5.8,5.6,5.7,5.8,6.7,R
STU1512,3.7,5.4,4.6,6.0,4.8,R
STU1513,8.3,8.0,8.7,5.1,8.5,A
STU1514,9.5,8.7,9.7,8.7,8.5,A
STU1515,10.0,9.8,9.8,9.2,9.2,A
STU1516,7.4,8.3,8.4,7.8,8.1,A
STU1517,9.2,5.4,9.1,7.3,9.0,A
STU1518,10.0,8.2,8.1,8.0,7.8,A
STU1519,5.5,6.0,4.9,4.8,4.0,R
STU1520,5.0,9.1,7.8,6.8,9.5,A
STU1521,5.8,9.2,7.2,8.9,9.4,A
STU1522,6.3,6.8,5.1,5.4,6.3,R
STU1523,9.9,9.9,8.9,9.5,10.0,A
STU1524,9.6,8.7,9.1,9.5,9.6,A
STU1525,8.7,9.0,8.6,4.9,8.6,A
STU1526,5.6,6.0,6.9,7.8,7.2,A
STU1527,8.8,5.4,9.1,6.9,9.0,A
STU1528,7.7,7.4,8.1,5.7,9.5,A
STU1529,8.4,4.7,7.6,7.5,8.5,A
STU1530,9.1,9.1,9.4,4.7,7.4,A
STU1531,10.0,9.1,8.8,8.8,9.2,A
STU1532,9.4,4.3,8.6,8.6,7.8,A
STU1533,9.7,10.0,9.2,8.9,9.1,A
STU1534,6.5,5.8,7.1,5.9,7.6,A
STU1535,2.1,2.6,3.8,3.0,3.3,R
STU1536,4.9,7.2,6.6,8.5,7.6,A
STU1537,3.2,2.7,2.1,3.7,1.7,R
STU1538,8.9,8.5,8.1,6.1,8.9,A
STU1539,6.0,7.7,7.1,5.8,8.2,A
STU1540,9.7,4.7,7.3,7.6,8.5,A
STU1541,5.3,9.3,9.4,8.3,7.1,A
STU1542,4.5,2.0,4.0,3.1,2.0,R
STU1543,6.1,6.4,6.2,7.1,6.5,A
STU1544,9.6,9.8,9.1,8.5,10.0,A
STU1545,9.4,9.4,7.8,8.7,8.7,A
STU1546,6.0,6.4,5.6,6.8,7.1,R
STU1547,9.0,9.2,9.1,9.5,9.5,A
STU1548,5.2,9.0,9.2,8.7,8.7,A
STU1549,4.3,3.1,2.6,4.8,3.3,R
STU1550,9.1,8.3,7.5,6.1,9.6,A
STU1551,7.8,9.5,9.0,8.2,9.2,A
STU1552,6.4,6.4,7.0,6.6,7.1,A
STU1553,5.9,6.7,5.2,6.4,7.2,A
STU1554,5.5,5.8,6.2,6.0,6.0,R
STU1555,7.9,5.6,7.7,7.0,7.8,A
STU1556,8.9,5.2,8.4,7.7,8.5,A
STU1557,5.4,4.9,5.4,4.8,5.0,R
STU1558,7.8,5.6,8.2,7.6,8.1,A
STU1559,3.2,3.1,3.8,4.2,2.3,R
STU1560,9.1,9.6,8.5,8.4,8.3,A
STU1561,8.9,8.3,8.7,8.5,9.1,A
STU1562,4.9,5.8,5.8,6.7,6.2,R
STU1563,8.9,8.1,7.8,8.0,8.0,A
STU1564,1.9,3.0,1.3,1.9,0.9,R
STU1565,7.3,7.5,7.2,6.2,6.4,A
STU1566,6.8,6.9,7.3,6.1,6.8,A
STU1567,2.8,2.0,1.7,1.6,2.6,R
STU1568,7.7,9.0,9.2,8.2,8.8,A
STU1569,9.3,9.6,9.4,9.7,9.1,A
STU1570,7.2,6.4,7.0,6.5,6.1,A
STU1571,0.7,0.5,1.8,0.4,2.4,R
STU1572,4.5,4.4,2.9,4.1,3.3,R
STU1573,8.3,6.3,7.6,7.9,8.4,A
STU1574,8.8,9.3,10.0,9.8,7.9,A
STU1575,9.5,9.8,9.1,5.7,8.7,A
STU1576,8.5,7.5,7.8,6.1,8.7,A
STU1577,3.5,4.3,5.4,3.8,4.3,R
STU1578,3.4,2.8,2.8,3.2,3.5,R
STU1579,4.9,2.4,2.5,4.5,1.6,R
STU1580,2.0,2.0,1.4,2.7,0.7,R
STU1581,8.7,5.0,8.7,7.7,8.5,A
STU1582,3.3,2.8,2.1,0.1,0.9,R
STU1583,6.9,5.8,6.8,6.5,7.4,A
STU1584,8.2,7.9,9.1,5.0,9.7,A
STU1585,9.9,10.0,10.0,9.4,8.8,A
STU1586,7.7,8.6,7.3,7.6,8.1,A
STU1587,9.5,9.4,8.3,10.0,10.0,A
STU1588,8.6,9.5,10.0,9.2,7.8,A
STU1589,4.7,5.1,6.0,5.3,4.3,R
STU1590,5.4,6.5,6.9,7.5,7.0,A
STU1591,2.4,3.6,1.9,3.1,2.9,R
STU1592,7.4,4.1,8.4,7.4,8.9,A
STU1593,5.7,6.1,5.3,5.0,5.4,R
STU1594,8.8,4.9,8.7,7.7,8.6,A
STU1595,5.0,5.6,6.0,6.3,4.7,R
STU1596,7.9,6.6,7.0,6.6,7.1,A
STU1597,3.9,3.8,2.7,5.6,3.8,R
STU1598,5.7,5.7,5.5,4.1,5.2,R
STU1599,7.0,6.6,5.8,6.9,7.8,A
STU1600,2.7,4.6,3.3,3.0,1.5,R
STU1601,8.0,9.2,9.4,7.6,8.1,A
STU1602,5.1,8.4,7.7,9.0,8.4,A
STU1603,4.5,4.8,5.1,6.1,4.7,R
STU1604,9.5,8.1,9.3,8.7,7.8,A
STU1605,8.8,9.8,9.5,8.8,9.5,A
STU1606,1.9,2.5,3.2,3.8,3.4,R
STU1607,8.5,8.2,8.6,5.0,8.8,A
STU1608,2.7,2.9,0.3,2.5,2.5,R
STU1609,5.4,5.8,6.5,6.0,5.4,R
STU1610,8.8,9.1,8.9,8.0,7.7,A
STU1611,8.6,8.0,9.7,9.8,9.8,A
STU1612,6.4,8.1,8.3,8.1,8.9,A
STU1613,6.3,6.0,6.2,6.4,7.2,A
STU1614,6.4,5.5,5.4,6.3,7.3,R
STU1615,8.8,9.2,8.0,5.7,9.8,A
STU1616,4.8,3.9,5.2,5.5,4.8,R
STU1617,3.8,3.5,1.6,0.8,0.8,R
STU1618,7.8,6.2,7.8,6.9,7.6,A
STU1619,2.6,4.6,2.2,2.7,0.2,R
STU1620,9.2,6.1,9.4,7.5,7.6,A
STU1621,5.7,4.8,5.1,4.6,4.3,R
STU1622,7.8,7.7,8.0,8.6,7.8,A
STU1623,8.9,9.2,9.9,10.0,9.6,A
STU1624,5.1,5.7,5.8,5.8,6.1,R
STU1625,6.3,5.8,5.8,4.5,5.1,R
STU1626,3.5,5.7,5.2,4.7,4.5,R
STU1627,6.0,6.7,6.1,6.4,5.7,R
STU1628,1.6,2.4,3.9,3.1,3.4,R
STU1629,4.9,8.2,8.5,9.3,8.4,A
STU1630,5.0,6.2,4.6,4.9,6.0,R
STU1631,10.0,9.5,8.5,9.9,8.1,A
STU1632,6.3,6.8,7.2,6.2,6.1,A
STU1633,9.2,10.0,9.9,8.6,9.4,A
STU1634,5.6,8.0,8.6,7.2,8.8,A
STU1635,4.7,3.4,4.8,3.0,3.1,R
STU1636,6.3,6.5,7.7,7.1,6.1,A
STU1637,7.1,6.8,7.5,7.2,7.7,A
STU1638,8.8,8.7,9.0,10.0,9.9,A
STU1639,2.4,4.8,5.2,4.6,0.7,R
STU1640,0.5,2.1,4.8,3.5,3.9,R
STU1641,9.3,6.3,8.6,8.9,9.3,A
STU1642,9.2,9.4,9.6,10.0,9.9,A
STU1643,8.4,7.3,7.3,7.5,8.1,A
STU1644,4.7,4.6,4.1,3.5,2.4,R
STU1645,9.9,8.5,9.5,9.7,8.9,A
STU1646,5.2,5.6,6.6,5.7,5.7,R
STU1647,5.4,5.1,5.6,5.2,6.0,R
STU1648,7.6,5.1,7.5,7.5,8.0,A
STU1649,0.9,0.8,4.3,3.7,4.2,R
STU1650,10.0,10.0,9.6,8.9,9.1,A
STU1651,9.5,8.7,8.9,8.8,8.5,A
STU1652,8.1,7.7,9.1,8.6,8.6,A
STU1653,9.7,8.4,8.7,5.7,7.7,A
STU1654,2.8,1.8,3.1,1.4,1.1,R
STU1655,7.9,9.5,7.9,8.9,8.5,A
STU1656,2.4,3.8,3.8,1.8,2.1,R
STU1657,9.0,8.7,9.2,9.5,9.8,A
STU1658,3.5,3.6,4.6,4.5,1.6,R
STU1659,8.9,8.2,7.6,9.3,9.7,A
STU1660,8.1,7.1,7.3,6.5,6.9,A
STU1661,4.3,4.8,2.9,3.7,0.3,R
STU1662,6.0,7.4,6.0,7.1,6.9,A
STU1663,9.8,7.2,8.9,5.0,8.5,A
STU1664,9.9,8.5,9.1,9.5,9.5,A
STU1665,5.9,5.2,6.0,5.1,6.5,R
STU1666,6.3,6.3,7.2,7.3,6.4,A
STU1667,3.3,5.1,4.7,5.2,3.4,R
STU1668,7.3,6.3,6.1,6.7,7.2,A
STU1669,5.4,5.8,4.9,5.5,5.1,R
STU1670,3.7,4.3,2.9,2.9,0.6,R
STU1671,8.0,5.7,7.6,8.4,9.6,A
STU1672,7.9,9.5,8.7,6.0,7.6,A
STU1673,4.2,3.9,4.5,3.8,3.3,R
STU1674,9.1,8.5,8.3,9.2,9.0,A
STU1675,4.0,5.8,6.1,4.6,5.8,R
STU1676,5.2,6.7,5.5,5.4,6.5,R
STU1677,6.8,5.3,5.7,6.8,5.3,R
STU1678,9.9,8.3,8.7,8.5,9.6,A
STU1679,8.6,8.6,8.9,5.3,7.2,A
STU1680,8.5,4.8,8.7,7.0,8.2,A
STU1681,3.2,4.4,2.5,1.7,2.3,R
STU1682,2.8,1.8,3.8,3.9,2.5,R
STU1683,8.9,4.6,8.2,8.0,9.0,A
STU1684,2.0,1.5,3.0,4.5,3.2,R
STU1685,7.2,6.8,5.8,7.7,6.4,A
STU1686,8.6,8.1,9.7,6.0,7.5,A
STU1687,1.9,0.5,3.3,4.4,3.1,R
STU1688,10.0,9.4,9.1,10.0,9.5,A
STU1689,7.6,8.3,8.9,8.9,7.8,A
STU1690,3.6,4.3,4.9,3.7,2.4,R
STU1691,1.5,0.4,1.2,1.9,2.6,R
STU1692,8.2,8.4,8.5,5.2,9.3,A
STU1693,7.4,6.2,6.7,7.0,7.4,A
STU1694,3.6,3.9,1.9,3.7,0.0,R
STU1695,8.7,6.0,7.4,8.0,8.6,A
STU1696,5.9,6.8,6.6,6.4,7.0,R
STU1697,9.2,8.1,8.5,5.9,7.6,A
STU1698,5.1,5.4,6.6,7.3,5.7,R
STU1699,8.8,8.6,9.3,8.6,9.1,A
STU1700,9.7,9.9,9.7,9.3,9.6,A
STU1701,7.8,7.8,8.0,8.1,8.3,A
STU1702,8.1,5.6,8.1,7.1,8.3,A
STU1703,8.8,9.4,8.7,9.9,9.7,A
STU1704,6.6,9.0,9.0,8.2,8.3,A
STU1705,5.0,4.7,5.5,4.7,5.8,R
STU1706,6.6,7.0,7.1,5.9,5.7,A
STU1707,9.2,9.2,8.7,8.9,7.8,A
STU1708,4.6,5.1,6.3,4.0,4.9,R
STU1709,5.4,7.3,6.6,6.7,6.2,A
STU1710,9.7,8.0,9.5,8.5,8.8,A
STU1711,8.6,10.0,8.7,9.4,9.3,A
STU1712,1.1,2.9,3.1,2.9,2.5,R
STU1713,9.3,8.9,9.0,6.6,9.1,A
STU1714,8.3,10.0,8.0,9.5,10.0,A
STU1715,8.6,7.6,8.0,7.3,8.1,A
STU1716,8.7,8.0,8.3,9.3,9.7,A
STU1717,6.7,5.7,6.7,6.1,7.0,R
STU1718,4.9,8.0,8.7,8.8,6.9,A
STU1719,8.4,9.0,9.9,8.9,9.7,A
STU1720,6.9,6.0,5.8,6.1,6.7,R
STU1721,2.8,1.8,4.7,2.5,3.5,R
STU1722,2.1,4.1,2.3,2.1,2.2,R
STU1723,3.6,3.5,4.5,4.2,3.0,R
STU1724,2.5,2.6,3.0,4.3,0.8,R
STU1725,9.1,9.4,8.6,9.1,9.6,A
STU1726,4.4,3.8,5.6,4.1,3.0,R
STU1727,6.2,6.3,6.8,5.3,5.9,R
STU1728,7.7,8.1,7.7,4.7,8.2,A
STU1729,1.3,0.0,3.1,2.7,4.0,R
STU1730,6.0,6.8,6.8,6.9,6.3,A
STU1731,4.4,4.7,4.9,5.0,4.0,R
STU1732,8.3,9.6,8.5,9.7,9.9,A
STU1733,7.6,5.2,7.9,8.9,8.2,A
STU1734,8.2,7.8,8.9,9.1,8.5,A
STU1735,9.3,10.0,8.2,9.9,9.0,A
STU1736,8.3,5.6,8.1,8.6,9.2,A
STU1737,2.2,0.0,0.1,2.0,2.2,R
STU1738,7.0,7.0,6.7,6.8,6.7,A
STU1739,5.3,4.4,6.1,5.3,5.7,R
STU1740,6.0,4.7,6.3,4.9,5.4,R
STU1741,4.5,2.9,2.7,1.9,0.0,R
STU1742,6.3,5.1,6.4,5.9,5.2,R
STU1743,6.3,6.7,6.8,5.8,5.9,R
STU1744,5.2,5.4,4.7,4.7,3.9,R
STU1745,8.5,7.8,7.6,8.0,8.6,A
STU1746,1.4,2.9,4.5,4.1,3.5,R
STU1747,8.7,9.0,8.9,5.9,7.7,A
STU1748,5.0,5.7,5.6,4.5,5.3,R
STU1749,9.5,9.7,9.8,9.6,8.9,A
STU1750,3.6,5.1,3.5,5.2,4.1,R
STU1751,7.5,7.5,7.3,7.8,7.1,A
STU1752,2.9,4.3,2.8,4.3,0.9,R
STU1753,4.9,4.2,5.8,5.3,4.8,R
STU1754,5.2,3.6,3.7,3.3,5.3,R
STU1755,5.5,5.6,6.2,6.1,6.3,R
STU1756,8.9,5.3,7.4,8.6,9.0,A
STU1757,2.9,4.0,3.6,4.1,1.1,R
STU1758,7.8,7.7,7.8,8.6,8.7,A
STU1759,0.0,2.9,3.8,3.7,2.4,R
STU1760,4.2,4.8,4.6,5.0,3.2,R
STU1761,8.9,9.2,7.6,4.8,8.2,A
STU1762,8.9,4.7,8.1,8.6,9.6,A
STU1763,6.3,6.3,5.5,6.8,6.3,R
STU1764,6.6,4.9,5.5,6.2,6.4,R
STU1765,5.2,9.2,8.5,7.6,8.1,A
STU1766,5.8,5.6,5.4,6.4,5.3,R
STU1767,8.7,8.2,7.1,8.4,8.1,A
STU1768,6.4,6.2,7.3,6.1,6.4,A
STU1769,8.5,6.3,8.9,7.6,8.0,A
STU1770,8.4,6.3,7.8,8.5,7.4,A
STU1771,7.0,6.8,7.1,6.5,6.5,R
STU1772,7.2,5.9,6.4,6.1,6.8,R
STU1773,6.6,5.4,5.7,7.0,6.3,R
STU1774,7.4,9.0,7.6,8.7,8.2,A
STU1775,2.0,0.1,2.6,2.5,1.9,R
STU1776,8.2,7.6,8.1,7.7,8.4,A
STU1777,6.0,5.4,5.8,5.3,7.1,R
STU1778,5.1,6.5,6.3,6.1,5.2,R
STU1779,4.6,4.8,4.3,4.6,6.1,R
STU1780,4.9,5.2,3.0,3.9,5.4,R
STU1781,6.1,6.0,6.9,5.2,6.5,R
STU1782,3.1,0.0,1.6,2.2,2.4,R
STU1783,2.1,3.2,3.8,3.9,1.3,R
STU1784,5.4,5.6,5.4,4.8,5.9,R
STU1785,4.3,3.2,5.0,2.9,0.6,R
STU1786,5.6,8.2,9.3,7.4,8.1,A
STU1787,10.0,4.5,9.8,7.0,8.8,A
STU1788,6.6,6.5,7.1,6.1,6.4,A
STU1789,5.4,3.9,3.0,4.6,0.8,R
STU1790,8.4,5.9,8.6,8.6,9.5,A
STU1791,7.9,4.9,8.5,8.3,8.0,A
STU1792,7.7,5.8,8.0,8.2,8.5,A
STU1793,9.3,9.6,10.0,9.7,10.0,A
STU1794,8.1,8.1,8.2,8.4,7.5,A
STU1795,4.2,4.8,3.1,4.3,4.2,R
STU1796,9.7,9.7,9.2,9.9,9.0,A
STU1797,8.9,5.8,8.5,8.4,8.3,A
STU1798,7.3,6.8,7.2,7.1,6.2,A
STU1799,8.7,5.6,7.8,7.5,9.2,A
STU1800,9.3,9.4,9.0,9.0,9.7,A
STU1801,3.8,4.6,3.7,3.6,3.7,R
STU1802,5.0,8.1,8.3,8.7,8.1,A
STU1803,4.9,2.9,4.2,3.7,1.0,R
STU1804,5.9,7.0,6.3,5.8,6.4,R
STU1805,7.4,7.8,8.2,5.2,7.6,A
STU1806,2.3,2.2,3.2,2.9,3.7,R
STU1807,8.4,9.9,9.4,7.6,8.1,A
STU1808,6.3,7.5,6.6,6.1,6.2,A
STU1809,8.3,5.4,8.9,7.6,8.7,A
STU1810,7.5,8.2,9.3,8.4,8.4,A
STU1811,4.5,7.1,8.3,7.2,8.4,A
STU1812,5.4,6.1,6.3,6.9,7.2,A
STU1813,5.8,5.4,6.4,5.1,5.1,R
STU1814,2.2,5.2,3.3,3.5,5.3,R
STU1815,5.4,6.5,6.0,5.1,5.0,R
STU1816,6.9,5.9,7.6,7.0,6.4,A
STU1817,4.9,5.4,5.1,4.9,5.7,R
STU1818,5.7,6.5,7.0,6.1,7.4,A
STU1819,9.3,9.0,9.2,9.6,8.7,A
STU1820,7.7,8.9,9.6,5.0,8.2,A
STU1821,4.3,9.5,8.5,7.2,8.1,A
STU1822,6.3,6.5,5.9,7.7,6.3,A
STU1823,8.5,8.2,8.7,6.6,9.2,A
STU1824,6.2,8.3,8.5,8.0,7.9,A
STU1825,4.4,2.9,4.2,2.5,0.2,R
STU1826,7.6,7.7,7.4,7.4,8.3,A
STU1827,7.1,6.4,6.3,6.4,6.4,A
STU1828,2.1,2.7,4.3,3.9,4.1,R
STU1829,7.4,5.7,8.6,8.7,8.6,A
STU1830,3.6,3.5,2.3,2.6,0.8,R
STU1831,8.2,4.1,9.3,7.7,8.9,A
STU1832,1.7,1.7,3.3,3.3,3.6,R
STU1833,8.0,6.2,6.5,6.1,7.5,A
STU1834,4.0,5.4,5.6,6.0,5.8,R
STU1835,5.6,8.2,9.1,8.5,9.8,A
STU1836,9.1,4.6,8.5,7.2,9.5,A
STU1837,9.7,10.0,8.2,9.2,8.4,A
STU1838,6.6,8.3,8.0,7.9,9.9,A
STU1839,2.1,1.5,4.9,4.2,4.0,R
STU1840,6.2,4.6,4.9,5.8,5.8,R
STU1841,9.0,9.4,9.0,6.0,9.0,A
STU1842,9.5,4.6,8.8,9.0,8.6,A
STU1843,6.8,7.0,6.7,6.2,7.5,A
STU1844,7.0,6.5,6.8,7.3,7.2,A
STU1845,6.7,7.9,7.6,6.5,7.5,A
STU1846,6.4,7.6,8.9,7.7,8.9,A
STU1847,9.9,8.6,9.1,9.4,9.5,A
STU1848,8.9,8.3,10.0,7.9,9.9,A
STU1849,6.4,6.1,7.4,6.5,6.7,A
STU1850,8.5,10.0,8.3,9.1,9.1,A
STU1851,7.1,6.0,6.3,7.3,7.4,A
STU1852,9.9,9.6,8.3,10.0,8.7,A
STU1853,6.0,3.8,4.8,5.4,6.3,R
STU1854,1.0,2.5,3.5,2.5,2.9,R
STU1855,7.7,8.3,8.0,4.8,8.8,A
STU1856,8.7,8.7,9.8,8.3,8.4,A
STU1857,9.2,9.9,8.5,6.0,9.3,A
STU1858,4.5,3.4,3.3,4.7,3.9,R
STU1859,9.3,8.7,9.2,6.3,7.7,A
STU1860,7.9,5.9,9.0,7.8,8.3,A
STU1861,4.9,6.2,5.5,5.5,5.4,R
STU1862,9.4,9.1,9.1,9.1,9.1,A
STU1863,5.8,5.9,7.4,7.9,6.6,A
STU1864,6.2,6.2,5.7,6.1,5.2,R
STU1865,8.2,6.9,8.2,7.9,7.9,A
STU1866,9.4,9.1,9.7,9.4,9.8,A
STU1867,5.6,5.6,6.1,6.4,6.3,R
STU1868,7.8,6.0,9.1,6.4,9.1,A
STU1869,3.8,4.3,4.0,4.9,0.9,R
STU1870,9.0,9.3,8.3,8.8,8.4,A
STU1871,4.3,3.1,4.5,2.4,0.4,R
STU1872,9.2,9.5,8.0,8.6,8.6,A
STU1873,9.8,9.5,8.9,9.4,9.9,A
STU1874,7.5,6.9,6.9,6.9,7.0,A
STU1875,7.6,8.8,8.5,5.4,7.7,A
STU1876,9.2,8.2,7.3,6.1,9.5,A
STU1877,9.6,8.7,10.0,9.4,8.4,A
STU1878,5.0,8.0,7.6,6.9,8.8,A
STU1879,9.8,9.7,10.0,9.4,9.5,A
STU1880,6.1,9.1,8.6,8.2,8.9,A
STU1881,6.7,7.0,7.1,5.8,7.3,A
STU1882,5.9,5.9,6.2,7.2,6.0,A
STU1883,7.4,9.5,8.2,5.1,8.7,A
STU1884,2.6,2.4,3.4,3.2,4.2,R
STU1885,4.7,7.8,9.2,8.3,8.2,A
STU1886,3.9,4.9,4.0,4.1,3.3,R
STU1887,8.6,7.9,9.3,8.0,9.3,A
STU1888,3.5,4.0,5.5,5.1,3.2,R
STU1889,5.9,6.6,7.7,6.2,5.7,A
STU1890,8.1,8.0,8.0,7.7,8.6,A
STU1891,1.2,2.5,3.0,3.0,4.1,R
STU1892,5.6,7.2,5.3,5.4,5.4,R
STU1893,8.9,8.2,7.6,5.4,7.7,A
STU1894,3.7,1.8,1.1,0.6,3.0,R
STU1895,4.9,8.1,7.6,8.5,8.8,A
STU1896,2.4,4.7,3.8,4.0,1.5,R
STU1897,9.5,9.3,8.7,9.5,9.2,A
STU1898,7.0,6.0,5.4,7.0,7.2,A
STU1899,9.7,9.7,9.2,8.0,8.1,A
STU1900,9.4,9.6,9.2,10.0,9.3,A
STU1901,4.9,5.2,4.5,5.3,5.5,R
STU1902,6.0,8.7,9.2,8.8,7.6,A
STU1903,7.5,7.9,8.1,4.8,9.2,A
STU1904,5.7,9.2,9.2,8.9,8.8,A
STU1905,5.0,5.2,4.6,6.3,5.8,R
STU1906,4.1,3.6,4.2,2.7,1.9,R
STU1907,2.1,1.6,3.9,3.7,2.0,R
STU1908,9.4,9.3,9.3,9.6,9.9,A
STU1909,8.4,5.8,8.2,6.8,9.0,A
STU1910,6.0,6.8,5.2,6.6,5.5,R
STU1911,6.2,7.4,5.9,5.3,6.7,A
STU1912,7.4,7.1,6.6,6.9,6.3,A
STU1913,5.3,5.4,5.3,6.2,6.1,R
STU1914,4.7,4.5,2.4,2.1,2.4,R
STU1915,4.6,4.4,5.8,4.7,5.1,R
STU1916,9.4,9.9,9.0,9.6,10.0,A
STU1917,9.1,9.1,9.2,9.1,9.9,A
STU1918,8.2,9.9,8.6,8.3,9.7,A
STU1919,5.5,9.0,9.0,8.3,9.4,A
STU1920,8.0,4.4,9.4,7.4,8.6,A
STU1921,6.5,6.6,5.2,6.5,7.0,R
STU1922,5.1,5.9,6.3,6.1,6.4,R
STU1923,3.2,3.2,2.1,1.1,2.2,R
STU1924,4.9,5.5,6.7,5.5,6.4,R
STU1925,8.3,8.0,9.0,8.4,9.5,A
STU1926,5.6,5.1,7.0,6.1,6.0,R
STU1927,6.0,5.8,7.5,6.8,6.6,A
STU1928,9.5,4.6,8.5,9.0,7.8,A
STU1929,6.4,6.4,6.5,6.4,5.6,R
STU1930,4.5,8.2,9.6,8.0,9.0,A
STU1931,8.3,9.0,8.6,9.9,8.6,A
STU1932,8.4,8.4,8.5,9.1,9.7,A
STU1933,8.8,8.0,8.8,4.6,7.7,A
STU1934,8.6,5.6,8.5,6.9,7.5,A
STU1935,8.3,9.6,7.8,5.0,7.5,A
STU1936,7.2,8.3,8.7,8.4,8.0,A
STU1937,9.8,8.0,9.7,9.8,9.2,A
STU1938,5.9,8.8,7.2,7.8,7.6,A
STU1939,10.0,9.0,8.1,8.3,9.3,A
STU1940,7.5,6.3,8.7,7.6,7.9,A
STU1941,4.9,3.5,3.9,2.3,1.9,R
STU1942,4.0,5.5,4.6,5.0,4.1,R
STU1943,9.5,9.3,8.6,8.8,9.2,A
STU1944,4.4,4.5,4.4,5.2,5.5,R
STU1945,4.8,8.7,7.9,7.3,6.9,A
STU1946,8.3,8.3,7.9,7.4,8.3,A
STU1947,3.8,4.4,5.1,6.0,5.5,R
STU1948,3.9,4.0,2.0,3.2,1.0,R
STU1949,9.0,6.3,8.0,8.3,7.5,A
STU1950,0.2,2.7,1.8,0.0,2.1,R
STU1951,7.8,6.3,7.9,8.1,8.7,A
STU1952,6.1,6.6,7.7,6.1,6.0,A
STU1953,9.5,10.0,9.5,8.6,9.3,A
STU1954,2.3,2.8,4.2,2.7,3.4,R
STU1955,5.7,7.2,7.7,6.4,6.8,A
STU1956,8.9,5.3,7.5,7.5,8.8,A
STU1957,5.8,6.1,5.7,6.6,5.6,R
STU1958,4.2,5.0,3.8,3.9,3.5,R
STU1959,7.6,4.4,7.9,7.5,8.2,A
STU1960,7.3,7.1,7.3,6.1,6.8,A
STU1961,8.2,9.6,9.2,5.9,8.9,A
STU1962,5.4,5.8,5.3,4.6,6.2,R
STU1963,5.2,6.5,6.0,6.4,6.4,A
STU1964,4.6,8.1,8.2,7.5,9.2,A
STU1965,8.5,7.3,9.7,8.3,8.8,A
STU1966,10.0,9.8,9.0,9.4,9.0,A
STU1967,6.9,5.1,6.2,6.3,5.8,R
STU1968,9.6,7.9,8.4,4.5,7.1,A
STU1969,9.1,9.9,9.2,10.0,9.3,A
STU1970,8.3,9.5,9.4,8.7,8.6,A
STU1971,6.7,7.2,6.6,6.0,7.2,A
STU1972,7.6,7.8,8.2,7.5,8.1,A
STU1973,8.6,7.7,8.4,6.4,7.6,A
STU1974,5.3,7.7,8.1,7.8,8.5,A
STU1975,6.3,6.1,6.8,6.2,6.2,R
STU1976,4.5,4.2,5.2,5.2,5.3,R
STU1977,9.2,8.5,8.6,6.5,8.3,A
STU1978,5.8,7.3,9.2,8.3,8.8,A
STU1979,7.1,5.3,6.4,5.4,5.9,R
STU1980,5.5,4.5,4.8,3.5,2.8,R
STU1981,8.1,8.4,8.7,8.3,9.0,A
STU1982,3.9,4.5,2.9,3.5,3.7,R
STU1983,7.3,6.4,5.6,7.5,6.5,A
STU1984,9.3,9.0,9.5,9.4,9.8,A
STU1985,6.1,5.9,5.6,7.0,6.7,R
STU1986,9.9,10.0,9.7,8.2,8.4,A
STU1987,6.3,5.4,6.9,5.6,4.4,R
STU1988,8.4,8.6,8.7,4.9,7.9,A
STU1989,8.3,7.5,7.1,7.4,7.9,A
STU1990,8.3,8.9,8.7,6.2,8.4,A
STU1991,9.6,8.5,8.3,10.0,9.9,A
STU1992,5.4,5.2,4.2,5.1,6.3,R
STU1993,6.9,6.2,7.2,5.6,5.6,A
STU1994,3.6,4.4,4.6,3.7,4.2,R
STU1995,6.3,6.1,6.1,6.9,5.7,A
STU1996,9.3,9.6,9.3,9.5,10.0,A
STU1997,8.0,8.5,8.4,7.7,7.6,A
STU1998,6.4,6.5,6.4,6.1,7.9,A
STU1999,6.7,7.5,5.4,5.2,5.7,R
STU2000,9.1,9.6,9.3,9.2,9.7,A
